Market-Week-Year,Uniqueness Score
Hoshangabad-2022-W25,1.8938851712060778
Itarsi-2024-W7,1.8745912162656122
Banapura-2024-W30,1.8744471410506607
Semriharchand-2024-W18,1.8709726462685243
Chaurai-2024-W17,1.8686197088895335
Chhindwara-2023-W51,1.8674726583169543
Chhindwara-2024-W24,1.8621726523106124
Itarsi-2024-W9,1.8577657205183387
Semriharchand-2020-W25,1.8484083045355097
Chaurai-2024-W13,1.847149505083514
Banapura-2024-W39,1.8406458251058635
Itarsi-2024-W15,1.835747782327421
Amarwda-2024-W17,1.8237583332712297
Saunsar-2022-W5,1.804840582428344
Pipariya-2024-W45,1.7861204579455325
Chhindwara-2024-W13,1.7721975172351758
Itarsi-2024-W21,1.757342990338572
Chhindwara-2024-W12,1.73852458240352
Itarsi-2025-W9,1.7300711309872383
Semriharchand-2024-W49,1.7271285227920319
Chhindwara-2024-W18,1.7173766872611642
Hoshangabad-2024-W19,1.7173314292902508
Hoshangabad-2024-W18,1.715776422200522
Chhindwara-2024-W46,1.7154682888130306
Banapura-2022-W1,1.6879669192496356
Saunsar-2024-W18,1.6871072345966056
Itarsi-2024-W1,1.6778858019667682
Banapura-2024-W48,1.6736030241417734
Bankhedi-2024-W18,1.6596710018316487
Chaurai-2024-W18,1.6439784605212238
Itarsi-2024-W32,1.6362133564499663
Saunsar-2022-W26,1.623665495371914
Banapura-2024-W20,1.6232240674658287
Semriharchand-2020-W24,1.5997452975871462
Chaurai-2024-W24,1.5883550572833915
Banapura-2024-W26,1.5689293781023381
Chhindwara-2021-W20,1.5677303241044522
Saunsar-2021-W41,1.5592833324487005
Semriharchand-2024-W17,1.5514699744522347
Semriharchand-2024-W20,1.5403624313597382
Saunsar-2020-W19,1.538984741632063
Pipariya-2024-W23,1.533901220460467
Semriharchand-2020-W42,1.5104811043267525
Banapura-2024-W51,1.5072027979824147
Banapura-2021-W30,1.5063097036853457
Banapura-2024-W45,1.4637042721875675
Semriharchand-2021-W45,1.4487524156832776
Banapura-2022-W46,1.4380283076425375
Chaurai-2024-W36,1.437346179229627
Chhindwara-2024-W3,1.436020057716708
Semriharchand-2024-W21,1.430475637810851
Banapura-2024-W50,1.4192758287091551
Chaurai-2024-W22,1.4185552811256723
Itarsi-2024-W22,1.4010380579580028
Banapura-2024-W24,1.3986954164604024
Itarsi-2024-W46,1.3946639796013671
Banapura-2024-W14,1.3834165361791864
Saunsar-2022-W20,1.3815065326228457
Chhindwara-2024-W6,1.3768878002683904
Hoshangabad-2025-W2,1.3748213409874257
Chaurai-2024-W33,1.3681261306979806
Semriharchand-2024-W24,1.3615962874934222
Banapura-2024-W23,1.345840524427202
Chhindwara-2021-W24,1.3372989429307498
Pipariya-2024-W27,1.3218900296288714
Banapura-2024-W49,1.3015094509036251
Babai-2024-W39,1.2974457949074352
Semriharchand-2024-W16,1.2896995978134616
Itarsi-2024-W52,1.28424773304927
Semriharchand-2024-W51,1.2695307098237596
Banapura-2021-W45,1.240265833860583
Semriharchand-2024-W44,1.2394829204324183
Hoshangabad-2024-W14,1.2338304709416694
Banapura-2024-W16,1.2315865472052014
Semriharchand-2021-W31,1.2256656221115114
Pipariya-2024-W17,1.2173654082349956
Babai-2025-W9,1.214873217665501
Chaurai-2025-W5,1.2145624268061388
Chhindwara-2025-W5,1.2110492656851355
Chhindwara-2024-W36,1.1984378135988518
Hoshangabad-2024-W13,1.1971793597293305
Pipariya-2024-W13,1.1953839203065508
Semriharchand-2024-W42,1.1937353134530115
Hoshangabad-2024-W15,1.1922165341198487
Banapura-2024-W52,1.1905092091152865
Banapura-2024-W15,1.1724710181584213
Amarwda-2024-W14,1.1567974099451033
Chaurai-2024-W23,1.1549963976749982
Chaurai-2024-W1,1.1435263100971027
Chaurai-2025-W2,1.1431328749493752
Banapura-2024-W22,1.1267556525000488
Pipariya-2024-W24,1.123035504985019
Itarsi-2024-W42,1.1037281028319315
Itarsi-2025-W6,1.0819554249359222
Chhindwara-2024-W9,1.0744075983999792
Banapura-2024-W11,1.0535932973662412
Semriharchand-2024-W43,1.0508199763314723
Banapura-2024-W7,1.0332386467722272
Bankhedi-2024-W12,1.0265724625784112
Chhindwara-2023-W52,1.0166173696087832
Amarwda-2024-W21,1.0107587802392373
Semriharchand-2020-W35,1.009142038459064
Chaurai-2025-W7,0.9979008827157616
Hoshangabad-2022-W19,0.9978733853319668
Hoshangabad-2024-W12,0.9819761831325792
Chaurai-2024-W49,0.9819491704735911
Banapura-2024-W28,0.9759974915559821
Chhindwara-2024-W8,0.9721060821924944
Chhindwara-2025-W3,0.9687948760038964
Chaurai-2024-W10,0.9661793675574037
Banapura-2021-W12,0.9568590133125087
Banapura-2024-W46,0.9557557647156959
Hoshangabad-2022-W4,0.9515983714278518
Semriharchand-2024-W48,0.945044544521466
Chhindwara-2024-W39,0.9289263419707827
Chaurai-2024-W19,0.9266826218830999
Bankhedi-2024-W49,0.9247630821120715
Banapura-2024-W41,0.9238892583213069
Semriharchand-2021-W37,0.9091134973253516
Pipariya-2024-W12,0.9078739023092327
Hoshangabad-2024-W26,0.9075398977186825
Chaurai-2024-W45,0.9029831254299735
Chaurai-2024-W50,0.9000368387936993
Itarsi-2024-W43,0.8997184299013522
Saunsar-2022-W22,0.8947458506980009
Banapura-2024-W34,0.8740993474935629
Itarsi-2024-W35,0.8620267753974784
Semriharchand-2024-W14,0.8580504784225257
Banapura-2022-W30,0.8547310007614929
Hoshangabad-2024-W39,0.8511814827671944
Itarsi-2024-W14,0.8193392710291695
Chhindwara-2024-W41,0.8113362536716939
Saunsar-2019-W46,0.7928858605986047
Semriharchand-2024-W19,0.7887025820151629
Itarsi-2024-W41,0.7820624609350667
Babai-2024-W21,0.7810443350685444
Chhindwara-2025-W6,0.7800307794019458
Hoshangabad-2024-W43,0.7634521490532307
Chaurai-2024-W12,0.7622787287768492
Chhindwara-2024-W43,0.7575781797504996
Amarwda-2024-W29,0.7537464762555255
Semriharchand-2024-W47,0.7524092542907691
Chhindwara-2024-W37,0.7285003070131394
Itarsi-2024-W23,0.7282598531107235
Chaurai-2024-W11,0.7132645940211834
Saunsar-2024-W31,0.7115020737846083
Chhindwara-2024-W25,0.7095740489724496
Bankhedi-2024-W50,0.7083765747506032
Semriharchand-2022-W6,0.7046101398158647
Itarsi-2024-W34,0.7009391110876886
Pipariya-2024-W8,0.6972560965008231
Chhindwara-2024-W15,0.6767882160639069
Hoshangabad-2024-W40,0.6684467580081458
Amarwda-2024-W16,0.6641822009580962
Saunsar-2022-W19,0.6485117111675245
Amarwda-2024-W28,0.6454684085063077
Itarsi-2024-W16,0.6430455177117272
Itarsi-2024-W11,0.6424359331277538
Amarwda-2024-W25,0.6315780626195066
Banapura-2024-W40,0.625272402929494
Chaurai-2024-W32,0.6250061948460592
Itarsi-2024-W13,0.6181073845680095
Semriharchand-2025-W3,0.616451038408908
Semriharchand-2020-W23,0.6161256235882964
Semriharchand-2021-W25,0.6038706393581278
Itarsi-2024-W45,0.6033894760013653
Hoshangabad-2024-W49,0.6019159317277145
Itarsi-2024-W19,0.6009103928208233
Saunsar-2022-W17,0.5970486203075263
Amarwda-2021-W41,0.596824058073487
Itarsi-2024-W8,0.5937245721528313
Chaurai-2024-W44,0.590179477117522
Semriharchand-2021-W34,0.5827657854129221
Chaurai-2024-W43,0.5819337026372235
Itarsi-2024-W12,0.5745279879852107
Chaurai-2024-W42,0.5714174850325534
Semriharchand-2020-W52,0.5639852119162384
Banapura-2025-W1,0.5622152668301483
Chhindwara-2024-W50,0.5599051668836535
Banapura-2024-W21,0.5584510872858657
Itarsi-2024-W40,0.5497465516049228
Banapura-2024-W33,0.5422385690068596
Babai-2024-W15,0.5414610819546192
Banapura-2025-W5,0.5398706035794506
Itarsi-2024-W17,0.5381394757440304
Banapura-2025-W4,0.5348634036333042
Banapura-2024-W6,0.5319525348868592
Chaurai-2024-W21,0.5179736264067923
Saunsar-2024-W23,0.5174992236577455
Chaurai-2024-W16,0.5137931088581684
Hoshangabad-2023-W40,0.49923507284593227
Chaurai-2024-W26,0.4985730133218374
Banapura-2025-W3,0.4915009794387437
Banapura-2024-W17,0.48122896585831293
Itarsi-2024-W33,0.47931134333753367
Itarsi-2025-W2,0.4783344473448296
Semriharchand-2021-W7,0.47705306144243825
Pipariya-2024-W18,0.4752118626940292
Chaurai-2024-W40,0.474884682110832
Pandhurna-2024-W10,0.46452206705366306
Hoshangabad-2024-W25,0.45669980903139046
Itarsi-2024-W38,0.4488582611957609
Hoshangabad-2021-W17,0.44713804178674177
Hoshangabad-2024-W17,0.43737348827479977
Chhindwara-2024-W2,0.433500448838605
Chhindwara-2024-W26,0.4279880113741986
Banapura-2024-W25,0.42643180474624115
Semriharchand-2024-W34,0.42338558255705905
Saunsar-2021-W50,0.4198646747455758
Chaurai-2024-W15,0.4088864248668996
Chhindwara-2021-W23,0.40747290920234297
Amarwda-2024-W22,0.40683222609582925
Banapura-2024-W36,0.3976606105242139
Pipariya-2024-W5,0.39576472083181546
Chaurai-2024-W9,0.39387250044134064
Chhindwara-2024-W47,0.3776047285950859
Chhindwara-2021-W21,0.37617452914305083
Chhindwara-2024-W32,0.3720375128599047
Semriharchand-2024-W22,0.3700009635033063
Amarwda-2024-W23,0.36902970475652236
Hoshangabad-2022-W13,0.36127043431091854
Banapura-2024-W27,0.3558530603286683
Pipariya-2024-W49,0.3540328863384673
Chhindwara-2024-W38,0.3392441056455774
Saunsar-2022-W25,0.33169079049963074
Babai-2024-W35,0.33126461907787247
Banapura-2023-W4,0.3221932615173768
Banapura-2022-W37,0.32151527284307585
Pipariya-2024-W7,0.3152883854836671
Chhindwara-2024-W49,0.30954724124409666
Semriharchand-2020-W12,0.29956663117410204
Semriharchand-2021-W9,0.29923757138683854
Chhindwara-2024-W52,0.29871192630957677
Chhindwara-2025-W2,0.2950855405106575
Pipariya-2023-W51,0.2906107775672486
Chaurai-2024-W8,0.2837194177295919
Saunsar-2021-W37,0.27879613578435414
Hoshangabad-2021-W43,0.2780480084630621
Semriharchand-2020-W49,0.27317820845282403
Chhindwara-2024-W21,0.2646959198478785
Itarsi-2024-W5,0.2613433436485308
Chaurai-2024-W51,0.24640464586239938
Itarsi-2024-W49,0.24259851571902302
Banapura-2024-W12,0.2416067207945085
Banapura-2022-W7,0.22169398827656941
Amarwda-2024-W24,0.22123644780844745
Itarsi-2024-W24,0.21875296907249914
Hoshangabad-2024-W20,0.2182658207791784
Babai-2024-W16,0.2182534037331371
Chaurai-2024-W14,0.21667393660110165
Chhindwara-2024-W33,0.2072283218266727
Chaurai-2024-W52,0.203892327931491
Hoshangabad-2023-W24,0.19656332564390078
Banapura-2024-W18,0.19579691813393355
Chaurai-2024-W20,0.1951027360621405
Itarsi-2025-W3,0.18887695033251056
Itarsi-2024-W26,0.18490164398185197
Chhindwara-2024-W1,0.18418442080134273
Banapura-2024-W13,0.176051009536784
Banapura-2024-W42,0.1726418693667571
Semriharchand-2025-W2,0.17102983600935875
Chhindwara-2024-W10,0.1686910231442421
Itarsi-2024-W48,0.1652425099733958
Chaurai-2024-W25,0.16255058126524397
Banapura-2024-W47,0.15813395007002667
Chaurai-2024-W41,0.15532238376774885
Chaurai-2024-W35,0.15428411807767517
Itarsi-2024-W25,0.15203941398780896
Pipariya-2023-W26,0.1488303446854761
Semriharchand-2020-W26,0.1464238980275342
Chaurai-2025-W3,0.14631437724264487
Bankhedi-2020-W9,0.14481720852626698
Chhindwara-2024-W11,0.14441602924869681
Hoshangabad-2024-W16,0.1399253387085974
Chhindwara-2022-W36,0.1382166959373339
Semriharchand-2021-W50,0.13354383659687416
Chhindwara-2022-W2,0.13030642192932448
Semriharchand-2024-W33,0.13023809754841348
Babai-2023-W24,0.13011192827230791
Saunsar-2022-W3,0.12969581663958368
Pipariya-2020-W3,0.12841859485920518
Chhindwara-2024-W4,0.12818167167140115
Pipariya-2020-W39,0.12817311863761327
Chaurai-2019-W28,0.1271864279615146
Pipariya-2021-W26,0.12635461278237312
Banapura(F&V)-2024-W46,0.1263208102692193
Babai-2024-W47,0.12547387594255463
Chhindwara-2022-W24,0.12537826705265434
Banapura-2021-W40,0.12494747597511077
Babai-2023-W20,0.12475019339001335
Banapura-2023-W7,0.12473099257737416
Amarwda-2020-W26,0.12471434226279016
Itarsi-2024-W39,0.12378987277903185
Itarsi-2024-W47,0.12344395358610938
Itarsi-2021-W7,0.12333038853971603
Semriharchand-2023-W48,0.12274453563743803
Itarsi-2025-W1,0.12237902072106227
Saunsar-2021-W49,0.12221467972760494
Banapura-2020-W49,0.12212716544089819
Semriharchand-2024-W12,0.1218836331068006
Semriharchand-2023-W37,0.12177575847739755
Bankhedi-2020-W38,0.12127051247574006
Banapura-2022-W31,0.12040817955616284
Bankhedi-2024-W20,0.12021843141997372
Bankhedi-2023-W18,0.12008508333348372
Pipariya-2021-W36,0.12006591988125058
Amarwda-2021-W38,0.11985169493309558
Pipariya-2020-W29,0.11947202164539952
Amarwda-2019-W48,0.11943528407581876
Banapura-2023-W44,0.11938543419436966
Pipariya-2022-W26,0.11930961231228543
Bankhedi-2022-W20,0.1192115698383526
Saunsar-2022-W49,0.11918809747911507
Hoshangabad-2022-W37,0.1190005802304982
Hoshangabad-2024-W27,0.11880733968789854
Hoshangabad-2023-W32,0.11876321044263528
Amarwda-2024-W26,0.11866934226923515
Pipariya-2021-W7,0.11855194990405543
Pipariya-2022-W46,0.11832572712401827
Chaurai-2019-W8,0.11828665227768478
Chaurai-2021-W7,0.1181990330808916
Saunsar-2022-W10,0.11806355471454219
Pandhurna-2021-W26,0.11806312056152374
Itarsi-2024-W37,0.11806127407608613
Chaurai-2022-W33,0.11804066377462967
Amarwda-2021-W33,0.1179832436795421
Saunsar-2022-W16,0.11789497265574887
Chhindwara-2020-W51,0.11788762349997758
Pipariya-2023-W33,0.11775613495872198
Banapura-2024-W35,0.11756626253449698
Pipariya-2023-W39,0.11756092130765528
Semriharchand-2023-W38,0.11742322443761385
Banapura-2021-W2,0.11712261014647325
Saunsar-2021-W28,0.11693166766776861
Chhindwara-2020-W43,0.11645599549713684
Bankhedi-2021-W12,0.11632127803290096
Semriharchand-2022-W3,0.11612396967011109
Itarsi-2023-W23,0.11606479015520821
Chaurai-2023-W23,0.1160085159259105
Banapura-2021-W23,0.11598049326177755
Bankhedi-2022-W17,0.11590051666781309
Bankhedi-2020-W5,0.11584788278763147
Babai-2022-W50,0.11583401967462366
Babai-2022-W10,0.11566216614769839
Pipariya-2020-W33,0.11548771029096963
Saunsar-2023-W15,0.11525424058208582
Babai-2022-W4,0.11522826569322492
Hoshangabad-2020-W2,0.11509870974058851
Hoshangabad(F&V)-2024-W43,0.11483819532003418
Chaurai-2024-W39,0.11455237617490384
Itarsi-2022-W51,0.11452415750840798
Pipariya-2023-W2,0.11448384443538288
Bankhedi-2024-W6,0.11443443044765374
Itarsi-2024-W18,0.11442920256006976
Banapura-2021-W24,0.11440234749253336
Banapura-2021-W37,0.11430491004854912
Saunsar-2020-W1,0.11428132735874577
Chhindwara-2024-W34,0.11427552392911706
Itarsi-2021-W50,0.11425494782526387
Semriharchand-2020-W7,0.1140013755756227
Pipariya-2024-W31,0.11391926302434359
Chhindwara-2020-W21,0.11388736390809175
Banapura-2020-W41,0.11380211016315953
Chhindwara-2020-W10,0.11377463354961705
Chhindwara-2023-W47,0.11360951132439803
Hoshangabad-2023-W17,0.11351232935205162
Pipariya-2024-W22,0.1134705407342331
Hoshangabad-2022-W1,0.11339635220230992
Chaurai-2023-W8,0.11335473919895539
Babai-2022-W38,0.11334716062158619
Itarsi-2020-W12,0.11323936978230632
Banapura-2020-W37,0.11305810480198482
Bankhedi-2022-W42,0.11295216228354713
Hoshangabad-2023-W12,0.11294249396846828
Itarsi-2022-W4,0.11292414453817685
Pipariya-2022-W31,0.11291989982994954
Semriharchand-2022-W21,0.1127576056473951
Saunsar-2019-W11,0.1127077750996587
Babai-2023-W29,0.1127026932048767
Pipariya-2020-W45,0.11267178888247019
Amarwda-2022-W20,0.11266166622295307
Bankhedi-2022-W43,0.11255053564780512
Chhindwara-2021-W29,0.11248098209585748
Bankhedi-2021-W35,0.11242973541229631
Pipariya-2025-W7,0.11240723070995337
Bankhedi-2024-W21,0.1122771332765361
Babai-2021-W6,0.11222757339718198
Hoshangabad-2021-W18,0.11200682078399082
Semriharchand-2024-W50,0.11199518782278618
Pandhurna-2023-W13,0.11192563191403743
Chhindwara-2022-W31,0.11192379764251639
Chhindwara-2021-W5,0.11190782826848837
Banapura-2022-W29,0.11190195387153312
Hoshangabad-2020-W5,0.11186821871620575
Pipariya-2021-W3,0.11186755631262875
Babai-2020-W38,0.11185530509217789
Babai-2023-W49,0.11174779392100076
Hoshangabad-2021-W32,0.11173943835284557
Chhindwara-2019-W15,0.11173145382847352
Chaurai-2021-W51,0.111724011826887
Semriharchand-2020-W28,0.11164446618826133
Banapura(F&V)-2024-W49,0.11162545835884427
Amarwda-2024-W13,0.11152953460630154
Bankhedi-2020-W7,0.11150428598953709
Itarsi-2020-W22,0.11143555476862879
Chaurai-2019-W27,0.11137864547883482
Amarwda-2020-W21,0.11136649818988523
Chaurai-2022-W9,0.11133844427229624
Babai-2023-W7,0.11126700910840574
Hoshangabad-2021-W3,0.1111796370473759
Hoshangabad-2024-W28,0.11116683644556034
Semriharchand-2024-W28,0.11116211275207245
Chaurai-2022-W48,0.11113727291326356
Chhindwara-2023-W32,0.11112968754490488
Chaurai-2019-W33,0.11112444393247475
Itarsi-2022-W42,0.11108665567867146
Pipariya-2022-W43,0.1110314305987385
Itarsi-2023-W4,0.11099241824641747
Banapura-2022-W48,0.11086650874202696
Hoshangabad-2023-W45,0.11077782626567359
Amarwda-2021-W37,0.11071816361977684
Bankhedi-2021-W37,0.11069524640250566
Hoshangabad-2024-W37,0.11065014961728481
Chhindwara-2020-W2,0.11063429352045137
Saunsar-2021-W46,0.11050083814625407
Saunsar-2019-W13,0.11047632994249294
Itarsi-2022-W22,0.11037214614776808
Bankhedi-2021-W14,0.11032469028499095
Pandhurna-2022-W37,0.11032188012924182
Banapura-2024-W9,0.11030701561663461
Chhindwara-2025-W1,0.11026652514872862
Chhindwara-2019-W7,0.1102616737473758
Bankhedi-2023-W31,0.11022870919683354
Babai-2023-W6,0.11012745655368307
Saunsar-2022-W37,0.11012051576845992
Semriharchand-2020-W37,0.11011408404477982
Bankhedi-2022-W47,0.11004214957890177
Babai-2023-W9,0.11001965668192132
Babai-2022-W25,0.10997957123605395
Pipariya-2025-W4,0.10994608264782077
Chaurai-2020-W24,0.10991691304589986
Pipariya-2021-W38,0.10991197798245096
Amarwda-2023-W31,0.10977457667920525
Amarwda-2023-W21,0.109763057503118
Hoshangabad-2023-W47,0.10969702917435037
Amarwda-2023-W23,0.10968534766213953
Bankhedi-2020-W26,0.10964124924763514
Amarwda-2022-W28,0.10958390213104938
Itarsi-2021-W41,0.1095255644074405
Pandhurna-2019-W35,0.10947400932399168
Itarsi-2020-W39,0.10943692169832153
Semriharchand-2023-W18,0.10943078006667305
Itarsi-2023-W9,0.10942912275340272
Itarsi-2023-W27,0.10940582440947971
Chhindwara-2021-W43,0.10934676266481004
Bankhedi-2021-W10,0.10928045524322036
Itarsi-2023-W6,0.10926459202653127
Semriharchand-2022-W37,0.10924986696096597
Chaurai-2021-W46,0.10924265319669164
Banapura-2020-W44,0.10921684485205795
Itarsi-2023-W42,0.10919386421217915
Itarsi-2023-W8,0.1091400022166862
Pandhurna-2021-W45,0.10913119158030643
Chhindwara-2023-W25,0.10912147367967909
Chaurai-2023-W51,0.10909868125098089
Chhindwara-2024-W45,0.10905457623781438
Semriharchand-2023-W41,0.10903856812919538
Hoshangabad-2020-W3,0.10900085475965532
Semriharchand-2023-W24,0.10893123011488438
Chhindwara-2023-W31,0.10893074777827735
Pipariya-2023-W44,0.10892044524232739
Babai-2020-W30,0.10889804128478323
Chhindwara-2024-W20,0.10887901324015578
Babai-2022-W44,0.10879486850356064
Itarsi-2021-W31,0.10877632295473964
Babai-2022-W5,0.10873223651280667
Semriharchand-2022-W10,0.10870628429672659
Pipariya-2022-W25,0.10868135365330328
Pipariya-2020-W26,0.10860368121638489
Bankhedi-2020-W37,0.10860253138958144
Chhindwara-2021-W28,0.10859854019133307
Saunsar-2021-W8,0.1085800959389408
Itarsi-2022-W40,0.10851235033739959
Pandhurna-2024-W22,0.10851019194994481
Babai-2023-W34,0.10848484127701526
Chaurai-2022-W28,0.10846884497931114
Bankhedi-2021-W24,0.10843976344877221
Semriharchand-2022-W30,0.10841527458532606
Amarwda-2021-W28,0.1084053854361558
Chaurai-2021-W30,0.10839521737817401
Itarsi-2021-W48,0.10838896532641998
Sounsar(F&V)-2024-W45,0.10837149927127973
Babai-2022-W49,0.10832506043954039
Chaurai-2023-W49,0.10831130626175836
Pandhurna-2021-W11,0.1083102807849617
Pipariya-2023-W34,0.10828274938577616
Saunsar-2021-W25,0.10826155561757209
Chhindwara-2020-W9,0.1082467864467797
Chhindwara-2023-W28,0.10824675953708188
Pipariya-2022-W38,0.1082408663757906
Itarsi-2022-W8,0.10820685676321608
Banapura-2023-W49,0.10818671856299951
Saunsar-2021-W38,0.10816244171693215
Chaurai-2024-W37,0.10815007832773617
Semriharchand-2022-W14,0.10808642523685141
Saunsar-2021-W30,0.10802886385234732
Chaurai-2023-W20,0.10795768180245424
Chaurai-2022-W19,0.10795525850633007
Banapura-2023-W14,0.10790426024858737
Bankhedi-2023-W10,0.10784702692658688
Bankhedi-2024-W38,0.10784427531351633
Chhindwara-2021-W6,0.10781351434590494
Pipariya-2024-W11,0.10779450929785099
Chhindwara-2021-W31,0.10774463117736355
Itarsi-2025-W7,0.10769643633987547
Itarsi-2022-W1,0.10769411980264458
Banapura-2024-W10,0.1076868632471194
Amarwda-2019-W3,0.1075833498108117
Pipariya-2020-W28,0.10756485885435275
Banapura-2022-W28,0.10749104232510552
Bankhedi-2024-W47,0.10748754152868004
Saunsar-2021-W32,0.10746381325729876
Saunsar-2021-W16,0.10745861690059051
Saunsar-2020-W4,0.10745749164299993
Banapura-2020-W38,0.10740745037612506
Chaurai-2023-W11,0.10739913057766694
Bankhedi-2022-W38,0.10736755982488369
Saunsar-2023-W31,0.1073580314871445
Semriharchand-2024-W40,0.10733138379270668
Babai-2024-W9,0.10730862734541392
Semriharchand-2021-W52,0.10728292025243365
Banapura-2023-W17,0.10726627677037316
Itarsi-2022-W25,0.10726602256482792
Bankhedi-2023-W42,0.10724082762403778
Semriharchand-2020-W5,0.10723904666344027
Chaurai-2023-W10,0.10722269222236411
Chaurai-2019-W46,0.10721538697163319
Banapura-2021-W36,0.10720369203789097
Hoshangabad-2023-W22,0.10717249354681961
Itarsi-2023-W20,0.10717042316729472
Pipariya-2023-W4,0.1070951496075825
Bankhedi-2022-W10,0.10709024906362571
Babai-2024-W24,0.10708063874813212
Chaurai-2021-W8,0.10706613901774256
Banapura-2022-W39,0.10702549749100719
Banapura-2020-W10,0.10702097262397176
Semriharchand-2022-W15,0.1069857585911723
Bankhedi-2023-W48,0.10697372076775749
Itarsi-2021-W52,0.10696856970333657
Chhindwara-2021-W12,0.10690946779717876
Chhindwara-2019-W10,0.10690945285017985
Chhindwara-2019-W14,0.10689793845157372
Chhindwara-2022-W35,0.10688975367518552
Banapura-2024-W2,0.1068546555070771
Chhindwara-2021-W2,0.10685139123679667
Pipariya-2021-W5,0.10683634920785202
Semriharchand-2021-W47,0.10682495041947399
Bankhedi-2024-W14,0.10680738720200438
Itarsi-2020-W49,0.10675459028211942
Banapura-2023-W40,0.106753015457853
Itarsi-2023-W41,0.10672464983417766
Chhindwara-2024-W48,0.10667891760309083
Banapura-2021-W5,0.10664315775893934
Chaurai-2022-W44,0.10663286146310891
Hoshangabad-2024-W1,0.10661725783951784
Chhindwara-2019-W34,0.10655643257417313
Bankhedi-2021-W32,0.10655168739088586
Banapura-2022-W42,0.10653568351906159
Pipariya-2021-W14,0.10650401563593749
Itarsi-2021-W27,0.10648665793129772
Banapura-2023-W35,0.10648164064187275
Pipariya-2023-W20,0.10642118177054549
Itarsi-2021-W9,0.10637505186625963
Saunsar-2019-W50,0.10635688675760821
Itarsi-2024-W44,0.1063068372340039
Amarwda-2021-W43,0.10628490678424134
Chaurai-2023-W31,0.10625651119842093
Chaurai-2021-W29,0.10620711261472586
Saunsar-2019-W1,0.10620654588108079
Semriharchand-2023-W2,0.10619405927624535
Chaurai-2022-W36,0.10619225914905736
Chhindwara-2024-W23,0.10617679331500834
Bankhedi-2020-W1,0.10617314887143306
Pipariya-2023-W5,0.10614392016061942
Hoshangabad-2020-W20,0.10613848409486702
Amarwda-2021-W25,0.1061338482033135
Chaurai-2019-W37,0.10612084230972887
Banapura-2020-W26,0.10608885176847295
Chhindwara-2024-W17,0.10606211730057571
Hoshangabad-2022-W20,0.10603035934123871
Itarsi-2021-W32,0.10596231797563707
Saunsar-2022-W14,0.10595257348587268
Semriharchand-2020-W16,0.10594122494018775
Pipariya-2020-W20,0.1059227874243572
Semriharchand-2020-W34,0.10591854831165852
Saunsar-2023-W29,0.10586343517140136
Bankhedi-2023-W44,0.10585848770814535
Banapura-2024-W3,0.10583154509938351
Chhindwara-2019-W35,0.10581444411863801
Chhindwara-2021-W1,0.10578256831855935
Babai-2023-W11,0.10574568761592142
Chaurai-2025-W1,0.10572261193246037
Hoshangabad(F&V)-2024-W52,0.10570573259538912
Bankhedi-2021-W34,0.10566955751881177
Babai-2021-W10,0.10566703272040397
Semriharchand-2023-W13,0.10564615187608653
Bankhedi-2021-W29,0.10562520606705895
Chhindwara-2019-W39,0.10560897650233553
Pipariya-2020-W30,0.1055827092766259
Bankhedi-2022-W5,0.10557607311249796
Banapura(F&V)-2024-W50,0.10557222417161373
Itarsi-2021-W37,0.10555491596728366
Pandhurna-2021-W38,0.10552100957145251
Chaurai-2021-W39,0.10549937506083748
Chaurai-2021-W31,0.10549125713977406
Itarsi-2020-W2,0.10548940874736049
Bankhedi-2024-W42,0.10543813594171228
Pipariya-2020-W11,0.10543586169576011
Banapura-2022-W50,0.10543519104406604
Babai-2022-W29,0.10539535747024008
Chhindwara-2020-W27,0.1053556533384603
Banapura-2021-W11,0.10535080627325596
Chaurai-2024-W27,0.10530435803151542
Itarsi-2023-W18,0.1052830136333239
Chaurai-2023-W21,0.10528211544048387
Chaurai-2021-W27,0.10526001132420366
Chhindwara-2023-W8,0.10525812020087373
Saunsar-2019-W18,0.10522296019364646
Chaurai-2024-W29,0.10522036773129329
Hoshangabad-2024-W34,0.10520686200509023
Amarwda-2019-W2,0.10520004425762318
Hoshangabad-2024-W2,0.10519837152455537
Banapura-2025-W2,0.10519418011546733
Semriharchand-2021-W10,0.10518180773231203
Babai-2021-W24,0.1051778979890386
Banapura-2021-W34,0.10517614926237082
Banapura-2022-W43,0.10517599179219711
Chaurai-2020-W33,0.10517595688426137
Chaurai-2023-W46,0.10513100287781278
Babai-2024-W12,0.10512432127846097
Saunsar-2019-W26,0.105101624443815
Bankhedi-2020-W41,0.10509285123181816
Chhindwara-2021-W35,0.10508182216398411
Bankhedi-2020-W49,0.10507203496188247
Banapura-2020-W4,0.10504852355259478
Semriharchand-2021-W27,0.10504602768508278
Pipariya-2025-W1,0.10504361642672241
Hoshangabad-2025-W4,0.10498231699692291
Semriharchand-2022-W41,0.10496366243433072
Pipariya-2023-W1,0.10495806498272597
Bankhedi-2020-W33,0.10495355269601592
Itarsi-2021-W22,0.10495325430637008
Saunsar-2020-W24,0.10494641711258196
Amarwda-2019-W37,0.10493502821859867
Itarsi-2020-W1,0.1049323886688685
Saunsar-2023-W14,0.10492305698080437
Bankhedi-2024-W23,0.10490642745564434
Pipariya-2021-W12,0.10489513768756153
Pandhurna-2022-W19,0.10488858792982676
Itarsi-2023-W25,0.10488342406469793
Chaurai-2021-W4,0.10487413346860698
Banapura-2020-W46,0.10487031555647752
Chhindwara-2021-W40,0.10486544236199406
Bankhedi-2024-W34,0.10486362197728899
Bankhedi-2023-W1,0.10486017499173461
Pandhurna-2023-W34,0.10485524553753946
Semriharchand-2023-W19,0.10483482076047358
Chaurai-2021-W10,0.10479234357916374
Pipariya-2024-W33,0.10473847189167779
Chhindwara-2023-W11,0.10472404838289975
Babai-2024-W36,0.10471813688116659
Saunsar-2023-W26,0.1047154337531314
Chhindwara-2020-W32,0.10470332170423204
Hoshangabad-2024-W42,0.10468206092818551
Pipariya-2022-W41,0.10467407876754362
Chhindwara-2020-W35,0.10465998221840887
Chhindwara-2020-W26,0.10461640009440697
Semriharchand-2020-W31,0.1045827142048435
Bankhedi-2024-W25,0.10457656941230828
Semriharchand-2022-W43,0.10456338210004959
Saunsar-2022-W2,0.10455779586040473
Semriharchand-2022-W18,0.10455271527077538
Pandhurna-2019-W11,0.10455238460451438
Banapura-2020-W31,0.10454421923768169
Chaurai-2023-W15,0.10453466484459921
Chaurai-2021-W5,0.1045117722991081
Semriharchand-2022-W52,0.104511351996226
Amarwda-2023-W16,0.10450987533474435
Saunsar-2019-W29,0.10450567973768703
Chaurai-2021-W24,0.10442739387863076
Itarsi-2022-W6,0.10438904791363773
Bankhedi-2024-W27,0.10435516390820758
Babai-2022-W37,0.10435439161158172
Pipariya-2022-W6,0.10433724804328434
Banapura-2023-W43,0.10433141295014588
Semriharchand-2022-W20,0.1043244750016825
Saunsar-2023-W8,0.10431739749955922
Banapura-2020-W35,0.10431083454325842
Bankhedi-2025-W5,0.10430248095939763
Semriharchand-2024-W10,0.10428847942708623
Banapura-2023-W32,0.10428286044519453
Itarsi-2023-W19,0.10426492678687108
Pandhurna-2019-W26,0.10425347603534944
Chhindwara-2023-W30,0.10423076174414533
Babai-2024-W19,0.10422748812516947
Semriharchand-2024-W3,0.10420576860978574
Amarwda-2024-W20,0.10419774934472927
Itarsi-2023-W50,0.10419364671570949
Pipariya-2022-W34,0.10418646950749065
Itarsi-2020-W6,0.10414546663485687
Hoshangabad-2023-W42,0.10413959136830787
Chaurai-2022-W30,0.10409374979513111
Saunsar-2021-W29,0.10407297858952845
Chaurai-2023-W27,0.10407225254601102
Chaurai-2020-W27,0.10406704398470894
Saunsar-2022-W27,0.10406371924151984
Chhindwara-2020-W24,0.10405744762713343
Semriharchand-2021-W35,0.10404653765020046
Banapura-2020-W29,0.10403961673817114
Babai-2022-W30,0.10403266738645335
Banapura-2021-W48,0.10402291158572903
Babai-2022-W46,0.10398815640946063
Chaurai-2023-W42,0.1039685974302981
Hoshangabad(F&V)-2024-W51,0.1039462606619327
Bankhedi-2022-W40,0.10393211876321154
Bankhedi-2022-W48,0.10392600496807913
Chhindwara-2023-W33,0.10391319081706338
Amarwda-2023-W52,0.10388590686526211
Semriharchand-2022-W49,0.10386469008955661
Saunsar-2023-W17,0.10386072694718512
Hoshangabad-2022-W14,0.10383550237832034
Chhindwara-2020-W46,0.10382250250508855
Itarsi-2024-W6,0.10381828537250752
Babai-2022-W14,0.10380885365866703
Babai-2021-W47,0.10380443194346929
Pipariya-2020-W16,0.10378605048462886
Pipariya-2024-W39,0.10378168521372548
Banapura-2022-W44,0.10377640761368545
Chhindwara-2021-W39,0.10377538532281821
Amarwda-2022-W27,0.1037663095867189
Semriharchand-2024-W6,0.1037597444428991
Semriharchand-2021-W11,0.10375636637138069
Pipariya-2020-W12,0.1037162480138258
Pipariya-2020-W42,0.10371061353025515
Chhindwara-2022-W29,0.10370344606667109
Semriharchand-2021-W26,0.10370331381356428
Chhindwara-2024-W16,0.10368697054106345
Bankhedi-2022-W25,0.10368231862516711
Babai-2022-W6,0.10367757647431046
Itarsi-2023-W34,0.10364034829682707
Amarwda-2023-W45,0.10363901236282684
Semriharchand-2024-W15,0.10362555861013723
Chhindwara-2023-W48,0.10361554155349802
Chhindwara-2021-W37,0.10360423920203143
Pandhurna-2019-W7,0.1035951051893885
Chhindwara-2021-W8,0.10355354717057565
Chhindwara-2022-W32,0.10354915986545161
Babai-2021-W5,0.10354695071255793
Bankhedi-2024-W52,0.10354491247600102
Semriharchand-2022-W28,0.1035345911643541
Chhindwara-2019-W5,0.1034867158250437
Saunsar-2022-W45,0.10348361691983102
Pipariya-2021-W28,0.1034669949243339
Semriharchand-2022-W9,0.10346369507400559
Itarsi-2022-W7,0.1034342558687901
Bankhedi-2024-W19,0.10342102437756247
Chaurai-2022-W15,0.10340161757510147
Itarsi-2023-W26,0.10339785669383861
Bankhedi-2023-W43,0.10338106170338458
Chaurai-2022-W12,0.10336346956218488
Chhindwara-2023-W34,0.10336041611085196
Banapura-2020-W27,0.10335808530753547
Banapura-2020-W30,0.10330689968039597
Semriharchand-2021-W36,0.1032977746895905
Saunsar-2019-W2,0.10328991136012522
Pandhurna-2021-W13,0.10326778350090235
Chaurai-2019-W51,0.10326178115136149
Chaurai-2019-W34,0.1032596618806145
Itarsi-2023-W12,0.10325713270116867
Chaurai-2022-W4,0.10322861081461393
Banapura-2023-W25,0.10319174688855055
Bankhedi-2020-W39,0.10318488909021345
Pipariya-2022-W29,0.10317259577613734
Chhindwara-2022-W37,0.10312777419224953
Chhindwara-2019-W41,0.10312776595217979
Pipariya-2024-W34,0.10312576397981466
Chhindwara-2022-W27,0.10312106778500306
Semriharchand-2022-W44,0.10310954579392821
Itarsi-2024-W10,0.10309725435519632
Pipariya-2022-W9,0.103068763823164
Chhindwara-2023-W7,0.10305135236817695
Chaurai-2022-W39,0.1030283208730131
Chhindwara-2020-W23,0.10301858304859894
Pipariya-2021-W41,0.10300043705579597
Banapura-2023-W45,0.10294209290136108
Chhindwara-2022-W10,0.10294126584185788
Semriharchand-2022-W16,0.10293421217036954
Pipariya-2024-W3,0.10293170175863685
Itarsi-2024-W3,0.10291227460702382
Itarsi-2023-W30,0.10290384126273786
Babai-2022-W39,0.10289471288081327
Semriharchand-2022-W26,0.10288782869458736
Amarwda-2023-W34,0.10287139272369004
Banapura(F&V)-2024-W43,0.10285012298245975
Itarsi-2022-W21,0.10284203198314927
Hoshangabad-2024-W24,0.10284103087632321
Itarsi-2023-W40,0.10282181387923586
Saunsar-2019-W21,0.10281640434382013
Semriharchand-2024-W5,0.10281571260206024
Babai-2021-W51,0.10279700213100422
Pipariya-2021-W25,0.10278801253583397
Chhindwara-2020-W20,0.10278471078128204
Pipariya-2024-W2,0.10278459013615139
Itarsi-2021-W34,0.10278276013730525
Hoshangabad-2025-W1,0.10278044914987937
Saunsar-2023-W11,0.10277529811874986
Bankhedi-2022-W29,0.10276894195843035
Banapura-2020-W23,0.1027556937638427
Chhindwara-2019-W28,0.10275498985347761
Bankhedi-2022-W7,0.1027538809577242
Amarwda-2019-W13,0.10275230806784413
Bankhedi-2021-W46,0.1027313501820941
Babai-2023-W45,0.10271820785481821
Semriharchand-2022-W32,0.10271769140212607
Amarwda-2023-W26,0.1027102884052257
Chhindwara-2024-W27,0.10270553636515435
Itarsi-2022-W27,0.10269832452530932
Pandhurna-2020-W18,0.10268178621116118
Chhindwara-2023-W50,0.1026669160608369
Chaurai-2022-W46,0.1026625609343601
Semriharchand-2021-W39,0.10264642446365053
Pandhurna-2022-W13,0.10264197786043072
Hoshangabad-2023-W29,0.1026371837376002
Chhindwara-2020-W17,0.10263589731744374
Babai-2020-W11,0.10263258068940852
Itarsi-2021-W3,0.10263116052057245
Chhindwara-2023-W35,0.10260409449982302
Semriharchand-2023-W42,0.10260017407854881
Bankhedi-2020-W46,0.10259822525214704
Babai-2022-W12,0.10259100234592342
Banapura-2020-W1,0.10258516771853744
Banapura-2022-W41,0.10257831613305045
Chhindwara-2019-W46,0.10256631496097621
Hoshangabad-2020-W18,0.10256072394146928
Chhindwara-2023-W39,0.10254974268942728
Chhindwara-2021-W47,0.10253619004639425
Pandhurna-2024-W25,0.10252283726944306
Babai-2024-W14,0.10252051385956104
Pandhurna-2019-W5,0.10251994213392764
Saunsar-2021-W14,0.1025028243566053
Saunsar-2023-W20,0.1024721863625816
Chhindwara-2019-W2,0.10245992863257421
Chhindwara-2020-W19,0.10245539328635735
Banapura-2023-W22,0.1024433475918764
Bankhedi-2020-W12,0.10243589912497898
Bankhedi-2022-W36,0.10243357543590588
Pipariya-2024-W4,0.10242304299989831
Itarsi-2023-W1,0.1024023158527077
Itarsi-2020-W50,0.10239290260144085
Itarsi-2021-W11,0.10239152402053396
Semriharchand-2024-W52,0.10238105843719701
Saunsar-2019-W37,0.10237943562949711
Hoshangabad-2021-W29,0.10237879520504779
Babai-2024-W41,0.10236466626260954
Itarsi-2020-W53,0.1023460376203608
Pipariya-2020-W21,0.10234385161053858
Babai-2021-W37,0.10232794362638131
Pipariya-2020-W2,0.10230729890960039
Bankhedi-2023-W19,0.10229823473488436
Itarsi-2021-W33,0.10228934515565664
Itarsi-2020-W28,0.10227753894974341
Chhindwara-2022-W43,0.10227422375280533
Chhindwara-2022-W50,0.1022715599351326
Pipariya-2022-W30,0.10226906516138982
Saunsar-2019-W47,0.10226688263484131
Semriharchand-2020-W29,0.10226221263430622
Chhindwara-2019-W38,0.1022610084376796
Chhindwara-2021-W11,0.10224692717801809
Babai-2023-W17,0.10224445141057191
Pipariya-2024-W46,0.10224331332853678
Banapura-2024-W4,0.10223902840350003
Bankhedi-2025-W8,0.10223200047831678
Bankhedi-2024-W41,0.10223150083679919
Pipariya-2025-W6,0.10222055248876528
Pipariya-2020-W47,0.10221569468262508
Chaurai-2019-W52,0.10221032134010687
Saunsar-2022-W39,0.1022006210978253
Pandhurna-2023-W30,0.10219419369960704
Chhindwara-2024-W42,0.10217985469556595
Pandhurna-2023-W31,0.10216977391969617
Itarsi-2023-W39,0.1021675763731641
Banapura-2022-W27,0.10216466966056838
Itarsi-2023-W13,0.1021576719275455
Itarsi-2024-W50,0.10214657993028002
Semriharchand-2024-W4,0.10214514791275224
Bankhedi-2023-W6,0.10214125973080086
Chhindwara-2023-W49,0.10213808518397628
Pandhurna-2024-W16,0.10212355092479755
Hoshangabad-2021-W20,0.10210276301231967
Chhindwara-2022-W5,0.1021018436057647
Amarwda-2019-W36,0.10209566113170292
Semriharchand-2020-W21,0.10208175533711278
Bankhedi-2021-W36,0.10206809751183578
Banapura-2022-W49,0.10206085403055963
Bankhedi-2023-W15,0.1020332543587922
Chhindwara-2021-W10,0.10203016949931216
Saunsar-2019-W15,0.10202978619324339
Chaurai-2020-W10,0.1020275228215656
Bankhedi-2024-W36,0.10202601430351976
Semriharchand-2024-W45,0.1020213429375671
Amarwda-2020-W16,0.10201651927267837
Amarwda-2024-W38,0.10199944807813006
Bankhedi-2021-W40,0.10199656558306264
Itarsi-2022-W2,0.10198942611052453
Chhindwara-2022-W41,0.10198931672160366
Itarsi-2020-W5,0.10198693241225655
Hoshangabad-2020-W52,0.1019665962983422
Chaurai-2023-W16,0.10195701173806267
Chaurai-2019-W12,0.10193786946481333
Pipariya-2022-W5,0.10192982694714293
Chhindwara-2022-W1,0.10190580923005692
Saunsar-2019-W9,0.10189983172586861
Semriharchand-2023-W5,0.10189183923768766
Chhindwara-2020-W11,0.10189152932477025
Itarsi-2021-W5,0.10188399787664179
Chaurai-2020-W28,0.10187943675986073
Pipariya-2021-W49,0.10187456846064566
Bankhedi-2022-W41,0.10185836156563001
Chaurai-2024-W5,0.10185282607246038
Bankhedi-2020-W32,0.10185187033021649
Semriharchand-2024-W8,0.1018485223468812
Hoshangabad-2021-W31,0.10181062273704324
Amarwda-2019-W8,0.10181022784057125
Babai-2023-W21,0.10179327464707853
Hoshangabad-2021-W10,0.10179127126139478
Saunsar-2024-W21,0.10179121889809685
Itarsi-2022-W49,0.10178563598183485
Amarwda-2022-W21,0.1017836248389854
Banapura-2023-W3,0.1017831296565889
Pipariya-2023-W9,0.10177933178361642
Babai-2020-W1,0.10177800592493177
Chhindwara-2020-W45,0.10177672309918437
Babai-2024-W31,0.10176837808046746
Saunsar-2024-W17,0.10176023035292157
Chaurai-2020-W11,0.10174194001743223
Chaurai-2024-W28,0.1017395614651702
Semriharchand-2023-W29,0.10173941957939392
Pipariya-2023-W11,0.10173343900399907
Saunsar-2022-W9,0.10173326979625222
Hoshangabad-2023-W28,0.1017156871815204
Bankhedi-2022-W24,0.1016895055350029
Amarwda-2019-W27,0.10168511432253537
Chhindwara-2024-W29,0.10168068036403777
Bankhedi-2020-W28,0.10167515315836687
Chaurai-2022-W32,0.10167258905361308
Chaurai-2022-W40,0.10166097386385403
Banapura-2021-W33,0.1016310802045938
Chaurai-2022-W22,0.10162738447089147
Pipariya-2024-W14,0.10162705244328074
Chaurai-2019-W18,0.10162506991549895
Bankhedi-2024-W35,0.10159763826672895
Babai-2023-W13,0.10158960470531117
Bankhedi-2024-W3,0.10158613474644608
Itarsi-2023-W31,0.10158365894347017
Pandhurna-2022-W38,0.10156863319422402
Itarsi-2021-W25,0.1015573361861865
Amarwda-2023-W37,0.10155363574492353
Banapura(F&V)-2024-W52,0.10154870271009392
Bankhedi-2024-W24,0.10153247280438038
Semriharchand-2023-W49,0.10152658903239889
Hoshangabad-2024-W5,0.10152533263564638
Pandhurna-2021-W37,0.1015252847655449
Chhindwara-2022-W25,0.10151666463464425
Amarwda-2023-W35,0.1015144284755369
Amarwda-2023-W13,0.10150284096972444
Pipariya-2022-W12,0.10149733145617867
Babai-2023-W15,0.10148628850729814
Hoshangabad-2023-W44,0.10148385380517466
Chhindwara-2024-W44,0.10147948033998322
Pipariya-2021-W33,0.101474962536898
Pandhurna-2024-W11,0.10147149971963251
Bankhedi-2024-W10,0.10146851976419012
Chhindwara-2021-W18,0.10146758470461058
Amarwda-2020-W17,0.10146289902399087
Pipariya-2023-W25,0.10146093016421373
Chaurai-2020-W4,0.10144744660326119
Saunsar-2021-W19,0.1014468507910141
Pipariya-2025-W2,0.10144468312200079
Saunsar-2023-W48,0.10143750993695283
Hoshangabad-2021-W11,0.10143054197552946
Itarsi-2021-W28,0.1014181163152025
Bankhedi-2020-W53,0.10141610037264881
Babai-2020-W22,0.10141172627963606
Babai-2020-W25,0.10141172627963606
Pipariya-2022-W37,0.10141154635537804
Babai-2021-W48,0.10140157887140049
Banapura-2024-W5,0.10139820521523348
Saunsar-2020-W20,0.10139189316882462
Chhindwara-2019-W26,0.10139144422551252
Chhindwara-2020-W42,0.10137877104727896
Pandhurna-2022-W30,0.10136951247039531
Hoshangabad-2023-W5,0.10136740760749731
Chaurai-2019-W6,0.10135973223510453
Bankhedi-2023-W46,0.10133850255900753
Chhindwara-2021-W4,0.1013364215314269
Hoshangabad-2021-W8,0.10133004679132025
Babai-2023-W22,0.10132606784236367
Chaurai-2020-W6,0.10131706883785752
Banapura-2021-W14,0.1013148056171376
Banapura-2020-W24,0.10130488798733546
Babai-2023-W39,0.10130339498240441
Chaurai-2022-W24,0.10127943007675866
Bankhedi-2023-W30,0.1012786024039731
Saunsar-2021-W21,0.10127686733096894
Itarsi-2022-W37,0.10123908898416693
Semriharchand-2021-W33,0.10123881803845451
Itarsi-2023-W17,0.10122770119300699
Chaurai-2023-W5,0.10121567922998921
Pipariya-2022-W52,0.10121456724385373
Itarsi-2022-W29,0.10121043031928882
Bankhedi-2023-W11,0.10120177901195539
Pipariya-2021-W32,0.10120119670492674
Chaurai-2019-W22,0.10119063020998438
Banapura-2020-W53,0.10118290332857718
Semriharchand-2020-W8,0.10116824091413147
Itarsi-2020-W8,0.10116546028708415
Amarwda-2023-W18,0.10115429526128379
Semriharchand-2025-W4,0.10115260177872035
Hoshangabad-2022-W31,0.10115172051342747
Bankhedi-2022-W28,0.10114460216692636
Semriharchand-2022-W40,0.1011170691743143
Semriharchand-2022-W23,0.10111507034013231
Babai-2023-W18,0.10111334975165709
Semriharchand-2025-W6,0.10110917241154527
Chhindwara-2021-W34,0.10108686598934107
Saunsar-2020-W22,0.10108156542436623
Babai-2022-W52,0.10107740795935097
Semriharchand-2022-W38,0.10107596111403438
Semriharchand-2024-W29,0.10107167925251251
Itarsi-2020-W10,0.10107164731082775
Saunsar-2023-W36,0.10106980052453805
Pandhurna-2020-W17,0.10106793957609542
Pandhurna-2021-W6,0.10105776843090129
Hoshangabad-2023-W26,0.10103260987190181
Amarwda-2019-W12,0.10103168961812972
Pandhurna-2024-W24,0.1010284580625139
Chaurai-2019-W30,0.1010272523624759
Chaurai-2022-W14,0.10102548828621434
Pipariya-2022-W2,0.10102144252189289
Chaurai-2021-W32,0.10101854638881755
Amarwda-2020-W25,0.10100006177792015
Chhindwara-2023-W43,0.10099943286823661
Banapura-2022-W40,0.10097702796639496
Babai-2023-W31,0.10095699598876232
Chaurai-2023-W3,0.10095490221954477
Pipariya-2020-W41,0.10095022704228904
Amarwda-2024-W19,0.10093711988492514
Chaurai-2022-W13,0.10093366193220685
Pipariya-2024-W37,0.10092722069284764
Chaurai-2022-W26,0.10092695773059411
Banapura-2021-W25,0.10092147528133029
Pandhurna-2021-W18,0.10092040900178749
Bankhedi-2020-W20,0.1009141364460565
Hoshangabad-2021-W19,0.10091400574877678
Hoshangabad-2023-W19,0.10090781454445195
Pandhurna-2021-W29,0.10090534554253394
Chhindwara-2021-W41,0.10090354799619697
Bankhedi-2022-W27,0.10088014871476982
Pipariya-2024-W42,0.10087231522498855
Banapura-2024-W43,0.10086659306628977
Semriharchand-2021-W5,0.10086551584837074
Saunsar-2020-W10,0.10086209713869511
Semriharchand-2020-W2,0.10086181874386936
Semriharchand-2023-W25,0.10085743841218102
Chhindwara-2020-W18,0.10085681471231796
Pipariya-2023-W43,0.10084932443644656
Saunsar-2021-W6,0.10084922444648087
Chaurai-2019-W26,0.10083854055845687
Chaurai-2021-W41,0.10083414427490851
Pandhurna-2022-W50,0.10083062143273362
Semriharchand-2024-W32,0.10078970689456893
Babai-2024-W50,0.10078429475730327
Bankhedi-2020-W34,0.10077897311336582
Banapura(F&V)-2024-W48,0.10077220192734235
Itarsi-2020-W51,0.10077116120886587
Semriharchand-2024-W46,0.10076957560458441
Bankhedi-2021-W27,0.10076679574990564
Banapura-2021-W38,0.10075764124541223
Chaurai-2022-W11,0.10075631268471683
Bankhedi-2020-W52,0.10073626871581853
Chaurai-2021-W34,0.10073549329279004
Banapura-2020-W22,0.10073188718545306
Chhindwara-2021-W22,0.1007213296965434
Bankhedi-2021-W33,0.1007139810234541
Chaurai-2022-W50,0.10068657568421985
Banapura-2022-W38,0.10068364151428992
Pipariya-2021-W43,0.10067930280994426
Bankhedi-2023-W49,0.1006735713070007
Pipariya-2023-W12,0.10067272388797736
Bankhedi-2021-W9,0.10066605084410543
Chhindwara-2020-W3,0.10065211494406467
Pipariya-2021-W13,0.10064569760159339
Amarwda-2021-W36,0.10064398698255293
Banapura-2021-W8,0.10063798959257113
Pipariya-2022-W48,0.10062453656386985
Babai-2020-W28,0.1006077207770239
Pandhurna-2021-W12,0.10060700750958868
Pipariya-2021-W4,0.10060685054097097
Banapura(F&V)-2024-W41,0.10060529335637403
Banapura-2025-W9,0.10059323171158291
Chhindwara-2022-W6,0.10059302980325063
Chaurai-2021-W12,0.10058557770696339
Pipariya-2025-W3,0.10057334217877446
Saunsar-2019-W36,0.10057314207556974
Saunsar-2023-W41,0.10056980376464887
Pipariya-2022-W20,0.10056451656677991
Babai-2021-W36,0.10056443911259856
Saunsar-2022-W35,0.10055421030572746
Semriharchand-2023-W1,0.1005450691804099
Pipariya-2024-W6,0.10054083152020657
Amarwda-2022-W29,0.10053650224044049
Saunsar-2021-W31,0.10052640523405945
Itarsi-2023-W51,0.10052196996455022
Bankhedi-2020-W24,0.10051952612545564
Amarwda-2021-W34,0.10051039269892786
Chaurai-2022-W47,0.100490001248251
Banapura-2020-W25,0.10048832387282747
Chaurai-2024-W4,0.10048325331340928
Banapura-2023-W26,0.10046986138320212
Pandhurna-2021-W7,0.10045919457596374
Bankhedi-2021-W7,0.1004581311865078
Semriharchand-2020-W4,0.1004561828613535
Hoshangabad-2022-W34,0.10045339029706124
Bankhedi-2021-W38,0.10044216274549952
Pipariya-2024-W25,0.10042094238187435
Bankhedi-2023-W7,0.10040720708314264
Chhindwara-2021-W26,0.10039156385185516
Saunsar-2022-W44,0.10037163494352624
Chhindwara-2019-W4,0.10036336100170647
Itarsi-2021-W42,0.10036082485959709
Bankhedi-2022-W9,0.10035670900329749
Hoshangabad-2021-W2,0.1003527725443963
Bankhedi-2024-W22,0.10035139048573123
Amarwda-2019-W5,0.10034916666775046
Babai-2022-W1,0.10034341526089624
Chaurai-2022-W45,0.10033794380535241
Pipariya-2020-W49,0.10033348084170404
Semriharchand-2024-W2,0.10032280981805702
Saunsar-2024-W42,0.10032062228856568
Itarsi-2021-W1,0.10031250783363063
Semriharchand-2022-W8,0.10030694174203346
Saunsar-2021-W40,0.10030448727529714
Pipariya-2024-W15,0.10030129247144473
Bankhedi-2022-W4,0.10029940076894389
Pipariya-2024-W26,0.10029584263302851
Chaurai-2020-W7,0.10028976526547412
Chhindwara-2021-W17,0.1002755394848722
Saunsar-2021-W39,0.10025955705231294
Amarwda-2023-W22,0.10024835477193358
Semriharchand-2022-W22,0.10024291823071975
Chhindwara-2021-W32,0.10023348837984306
Chhindwara-2022-W23,0.10022578038114095
Pandhurna-2021-W41,0.1002252282859897
Banapura-2023-W48,0.1002153862401326
Pipariya-2021-W27,0.10021215631481563
Pipariya-2025-W5,0.10021090466822483
Amarwda-2024-W34,0.1002047391560817
Itarsi-2022-W48,0.10020452375188621
Pipariya-2024-W50,0.10020441832777359
Banapura-2023-W8,0.10020160136090336
Itarsi-2021-W4,0.10019933508586192
Saunsar-2022-W18,0.10018980027415794
Banapura-2023-W30,0.10018215150701523
Pipariya-2021-W44,0.1001751935272824
Bankhedi-2021-W28,0.1001751411551942
Banapura-2024-W38,0.10017387724304799
Saunsar-2022-W46,0.10016561247179533
Hoshangabad-2022-W11,0.10015650536057363
Chhindwara-2020-W16,0.10014880703283771
Babai-2023-W14,0.10014260765065641
Pipariya-2022-W40,0.1001414240074294
Itarsi-2023-W11,0.1001395165390589
Hoshangabad-2022-W17,0.10011245754336118
Chaurai-2022-W23,0.10010712805558963
Chaurai-2023-W6,0.1000996963542771
Hoshangabad-2022-W10,0.10008755090094153
Itarsi-2021-W10,0.10008239825674123
Banapura-2021-W4,0.10007224418374831
Saunsar-2022-W15,0.10006575060983615
Saunsar-2019-W40,0.10006332083402468
Hoshangabad-2022-W21,0.10005950614779727
Bankhedi-2021-W11,0.10005562647815895
Semriharchand-2021-W28,0.10005451658493493
Pipariya-2022-W23,0.10005368153351249
Bankhedi-2020-W45,0.10004770245471505
Chaurai-2023-W44,0.10004749377652292
Saunsar-2022-W24,0.10004739564933024
Bankhedi-2024-W15,0.10004040491282715
Pandhurna-2019-W1,0.10003890056643962
Babai-2023-W27,0.10003447561062476
Semriharchand-2021-W46,0.10003177200273011
Chaurai-2023-W14,0.1000224429406264
Chhindwara-2020-W49,0.10002196233632561
Semriharchand-2021-W8,0.10000884705360624
Babai-2024-W32,0.09999822129284479
Babai-2020-W7,0.09999498459429802
Semriharchand-2024-W7,0.09999041465652135
Bankhedi-2021-W22,0.09999026336208967
Chhindwara-2019-W24,0.09998897131359069
Saunsar-2019-W49,0.09997303505568186
Bankhedi-2022-W6,0.0999669347568349
Saunsar-2024-W14,0.0999652274346342
Semriharchand-2023-W9,0.0999486780547805
Pandhurna-2022-W15,0.09994701199891005
Semriharchand-2024-W41,0.09994413593390702
Bankhedi-2023-W41,0.09994247261360739
Chaurai-2023-W17,0.09994206423416128
Bankhedi-2020-W6,0.09993294332736428
Pandhurna-2019-W40,0.09992919994530951
Semriharchand-2022-W27,0.09990904869193436
Chhindwara-2022-W38,0.09990717849275353
Chhindwara-2020-W50,0.09990140305849639
Chaurai-2019-W50,0.09989728515564546
Pipariya-2023-W17,0.09989343715190219
Bankhedi-2021-W50,0.09988307690383798
Chaurai-2021-W38,0.09988254478542745
Pipariya-2024-W52,0.0998821644650186
Pandhurna-2021-W34,0.09987990065247783
Banapura-2024-W37,0.09987989886308683
Bankhedi-2023-W22,0.09987973198547555
Chhindwara-2024-W35,0.09986698599347753
Saunsar-2023-W13,0.09985498461244598
Pandhurna-2024-W20,0.09985330126957456
Hoshangabad-2023-W15,0.09984773243425679
Babai-2021-W35,0.0998464009156314
Itarsi-2023-W2,0.09983064796354864
Babai-2022-W2,0.09982504673783889
Saunsar-2019-W14,0.0998212907548755
Chhindwara-2021-W30,0.09980941603826872
Banapura-2022-W22,0.0998000521532325
Itarsi-2020-W38,0.09979595551812633
Chaurai-2023-W28,0.09979391608409993
Banapura-2021-W15,0.0997851743506259
Itarsi-2022-W24,0.09977406758318186
Bankhedi-2025-W7,0.09976828002577205
Bankhedi-2023-W8,0.09976030059552253
Bankhedi-2021-W51,0.09974955767122116
Babai-2024-W17,0.0997424776753048
Pipariya-2021-W50,0.09974243841331447
Chaurai-2021-W47,0.09973979695156783
Itarsi-2021-W35,0.09973839422936633
Pipariya-2023-W7,0.09973655118300273
Semriharchand-2023-W43,0.09973494579008332
Semriharchand-2022-W25,0.09973487509824022
Pipariya-2021-W40,0.09973158767353667
Saunsar-2022-W30,0.0997309581885684
Banapura-2022-W21,0.09972709158252198
Pipariya-2021-W10,0.09972068902475331
Semriharchand-2022-W5,0.09971778164153253
Amarwda-2019-W19,0.09970966971263173
Saunsar-2022-W8,0.09970615412552404
Semriharchand-2020-W51,0.0997022250703854
Bankhedi-2021-W19,0.09969253188865801
Pandhurna-2019-W18,0.09969043224767896
Chhindwara-2021-W33,0.09968605696243212
Banapura-2020-W28,0.09968479399292059
Saunsar-2019-W16,0.09968454678422564
Amarwda-2021-W13,0.099682786665316
Chaurai-2020-W12,0.09967725636663807
Bankhedi-2022-W39,0.09967585953504497
Semriharchand-2023-W14,0.09967289180661693
Saunsar-2019-W4,0.09967078504029156
Chhindwara-2019-W48,0.09966069301229677
Chhindwara-2022-W33,0.09965640824921317
Banapura-2020-W51,0.0996546490749242
Amarwda-2019-W38,0.09965090715533606
Chhindwara-2019-W43,0.09964996557039822
Pipariya-2022-W24,0.09964256258999865
Pipariya-2023-W49,0.09963859544322223
Pandhurna-2023-W40,0.0996372129147586
Semriharchand-2025-W1,0.09963081006358972
Bankhedi-2020-W48,0.09962961048155734
Saunsar-2021-W44,0.09961851643250638
Pipariya-2024-W20,0.09961357101752699
Chhindwara-2022-W49,0.09960258001716062
Pandhurna-2024-W15,0.09958757859008248
Saunsar-2020-W5,0.09958364864013991
Itarsi-2023-W3,0.09958165608331408
Chaurai-2021-W37,0.09957653456564199
Chaurai-2022-W3,0.09957511365684135
Itarsi-2023-W32,0.0995684933696746
Babai-2020-W20,0.09956448804098475
Amarwda-2022-W26,0.09956279643373508
Saunsar-2021-W52,0.09955847852235344
Chhindwara-2021-W38,0.09955795802875904
Banapura-2021-W39,0.099550040541841
Semriharchand-2023-W39,0.09953827794956169
Saunsar-2021-W47,0.09953680526641376
Banapura-2021-W41,0.09953038400772894
Banapura-2020-W39,0.09951986277269682
Hoshangabad-2023-W18,0.09950746719563246
Bankhedi-2020-W2,0.09950604644772454
Chaurai-2025-W6,0.0995032626660726
Pandhurna-2019-W42,0.09949680334628559
Saunsar-2022-W6,0.09949403496447004
Pandhurna-2021-W32,0.09947828521783961
Itarsi-2022-W28,0.09947073151363732
Banapura-2023-W34,0.09946981376104758
Chhindwara-2019-W52,0.0994654421797434
Itarsi-2022-W11,0.09946482966699749
Bankhedi-2024-W48,0.09945744243617628
Hoshangabad-2021-W46,0.09945642544966729
Amarwda-2022-W39,0.09945506389169988
Pipariya-2022-W44,0.09943754464618502
Pandhurna-2022-W28,0.09942371948930777
Hoshangabad-2023-W43,0.09942262002286266
Pipariya-2020-W8,0.09942180320525275
Saunsar-2019-W5,0.0994210289777239
Pipariya-2021-W48,0.09941721835146453
Chaurai-2023-W18,0.09941611991124744
Pipariya-2021-W45,0.0994153006866808
Semriharchand-2024-W13,0.09941132470949006
Semriharchand-2023-W4,0.09940836986045648
Banapura-2023-W29,0.09939958616465515
Bankhedi-2021-W23,0.09939148424018297
Semriharchand-2023-W3,0.09938793440251674
Bankhedi-2023-W29,0.09938349654336753
Pandhurna-2019-W43,0.09937086928723328
Semriharchand-2022-W45,0.09936589974958372
Banapura-2021-W10,0.09936138662791051
Pipariya-2022-W47,0.09935721442710126
Semriharchand-2023-W7,0.0993550985095874
Bankhedi-2023-W32,0.09935393764945541
Banapura-2020-W11,0.09934963283952605
Babai-2020-W31,0.09934786106937366
Banapura-2022-W47,0.09933777095594411
Chaurai-2024-W2,0.09933748187104992
Hoshangabad-2025-W5,0.09933721939540133
Pandhurna-2019-W24,0.0993304974882967
Itarsi-2022-W19,0.09933025089439866
Saunsar-2021-W13,0.09932500678623019
Pandhurna-2019-W2,0.09931541347897271
Pipariya-2020-W1,0.09931143873870743
Pipariya-2020-W4,0.09931053151521474
Chaurai-2021-W49,0.09930898226244038
Chhindwara-2025-W4,0.09930831098444853
Bankhedi-2023-W45,0.09930160125364033
Saunsar-2021-W18,0.09929905404059759
Babai-2022-W32,0.09929068589434126
Banapura-2022-W32,0.09928913940261119
Babai-2023-W32,0.09928584858359324
Pipariya-2024-W36,0.0992706131951182
Chhindwara-2020-W47,0.09925888572936652
Chaurai-2021-W52,0.09925746385681304
Itarsi-2022-W31,0.09925188303614285
Pandhurna-2019-W44,0.09924320648172952
Saunsar-2021-W36,0.0992323031000052
Semriharchand-2021-W40,0.09923040288781883
Pipariya-2024-W35,0.09923019095836849
Pipariya-2024-W1,0.09921662789856735
Pandhurna-2021-W8,0.09921501088681861
Bankhedi-2021-W25,0.09921237375991612
Semriharchand-2022-W39,0.09920755912997033
Babai-2024-W30,0.09920617867693297
Saunsar-2019-W17,0.09920340036125794
Chaurai-2021-W6,0.09920230949727883
Itarsi-2021-W29,0.09920127275474144
Chhindwara-2019-W42,0.09919027051030296
Bankhedi-2022-W32,0.09918791643065797
Semriharchand-2024-W30,0.09916305447180519
Bankhedi-2023-W23,0.09915791776766954
Saunsar-2022-W31,0.09914808173870145
Chaurai-2019-W16,0.09914608241720275
Saunsar-2023-W42,0.09914160794138296
Babai-2020-W39,0.09914094772461286
Chhindwara-2022-W8,0.09913836004821612
Chaurai-2021-W23,0.0991363760003212
Hoshangabad-2022-W42,0.09913427979796167
Amarwda-2022-W19,0.09912960938777357
Chaurai-2021-W50,0.09911631255556703
Pipariya-2022-W50,0.09911261537446221
Pipariya-2020-W37,0.09910395531044507
Chhindwara-2022-W28,0.09909846292042032
Babai-2021-W18,0.09909611060918863
Bankhedi-2022-W13,0.09909365511178726
Chaurai-2019-W45,0.0990929529796434
Chaurai-2022-W25,0.09908752460209962
Semriharchand-2021-W32,0.09907911302749516
Chaurai-2024-W30,0.09907681502653434
Bankhedi-2022-W11,0.09907528480619193
Semriharchand-2022-W33,0.09907287210815881
Pipariya-2021-W47,0.09906458049885343
Saunsar-2020-W3,0.099054321030966
Babai-2022-W13,0.09903696862283244
Semriharchand-2024-W1,0.09902898466497555
Bankhedi-2020-W44,0.09902852894715847
Bankhedi-2024-W9,0.09902657911674356
Bankhedi-2021-W52,0.09901929435817285
Semriharchand-2020-W27,0.09901555758014402
Chaurai-2019-W11,0.0990087668884685
Chaurai-2023-W2,0.09900736291930219
Babai-2020-W8,0.09900101360737104
Chhindwara-2022-W7,0.09899383713128088
Banapura-2024-W8,0.09897557758702848
Hoshangabad-2021-W12,0.09897431168840465
Saunsar-2021-W20,0.09895189589784498
Semriharchand-2023-W45,0.09894555115658517
Amarwda-2023-W17,0.09893166408957219
Hoshangabad-2021-W41,0.09892958354338689
Banapura-2023-W52,0.09892677625111543
Banapura-2021-W28,0.09892031329767456
Chaurai-2021-W9,0.09891857194108504
Pandhurna-2023-W33,0.09891126000668042
Chhindwara-2021-W49,0.09890821666388003
Pipariya-2024-W40,0.09890635450565598
Hoshangabad-2024-W21,0.09890324633729215
Hoshangabad-2025-W8,0.09890122352026785
Hoshangabad-2024-W33,0.09890122352026785
Pandhurna-2024-W12,0.09889823731523671
Saunsar-2019-W20,0.09888541074215437
Bankhedi-2022-W1,0.09888340498078667
Bankhedi-2024-W46,0.09888002645136831
Chhindwara-2023-W5,0.09884795229477057
Bankhedi-2023-W9,0.09884743035850144
Chaurai-2022-W37,0.09884590664129911
Chhindwara-2023-W38,0.09883986261553296
Amarwda-2024-W12,0.09883663181968516
Semriharchand-2022-W35,0.09883561670767688
Semriharchand-2023-W31,0.09883416029036735
Chhindwara-2020-W25,0.09883140947951721
Chaurai-2019-W38,0.0988305045457319
Amarwda-2023-W20,0.09882314177886191
Bankhedi-2022-W19,0.09882310257443029
Saunsar-2020-W17,0.09881901268101938
Bankhedi-2025-W4,0.09881897678915828
Chhindwara-2021-W51,0.0988067895712105
Itarsi-2022-W32,0.09880627664168283
Hoshangabad-2022-W7,0.09880569947833058
Bankhedi-2025-W2,0.09880080481335728
Pandhurna-2023-W19,0.09879733521191493
Pipariya-2021-W11,0.09878639100733268
Saunsar-2019-W45,0.09878236516123494
Babai-2020-W26,0.09878158519791652
Pipariya-2025-W9,0.09878120291435871
Chaurai-2020-W1,0.09877770555766685
Semriharchand-2022-W34,0.09877552843326806
Bankhedi-2023-W17,0.09877552640983607
Bankhedi-2020-W3,0.09877118672830189
Bankhedi-2020-W27,0.09876742736434779
Pipariya-2021-W29,0.09876508469385208
Amarwda-2023-W27,0.09875759649730084
Pandhurna-2019-W31,0.0987573633052903
Itarsi-2021-W38,0.09875513064995622
Saunsar-2020-W21,0.09875171434170597
Pipariya-2024-W16,0.09874740801186029
Saunsar-2024-W45,0.09874276047140584
Pipariya-2023-W14,0.09874123363929992
Saunsar-2019-W52,0.09873860928963718
Pipariya-2023-W22,0.09873522320073862
Banapura-2021-W50,0.09873262970258453
Hoshangabad-2022-W15,0.09873200678361277
Amarwda-2021-W35,0.09872923421917465
Pandhurna-2019-W13,0.09872616906846118
Hoshangabad-2024-W8,0.09872335565733267
Chaurai-2023-W24,0.0987207235971482
Amarwda-2022-W13,0.09871155416670073
Chhindwara-2019-W17,0.09870505296124926
Amarwda-2022-W34,0.09869874669495149
Babai-2024-W4,0.09869439783869234
Pipariya-2024-W48,0.0986878552924868
Banapura-2022-W33,0.09868556674392837
Semriharchand-2023-W27,0.09868373849668391
Chaurai-2023-W19,0.09868372741769181
Semriharchand-2024-W36,0.0986750173242746
Babai-2022-W33,0.0986727394219639
Chaurai-2023-W41,0.09867004509056627
Semriharchand-2020-W9,0.09865628432636665
Amarwda-2022-W35,0.09865468907289392
Banapura-2024-W32,0.09865341926093288
Bankhedi-2021-W26,0.0986342075842545
Chaurai-2022-W8,0.09862193238054133
Semriharchand-2021-W38,0.09861259786791225
Chhindwara-2024-W19,0.09860860042111075
Saunsar-2023-W16,0.09860541833962394
Bankhedi-2022-W35,0.09860420032750863
Babai-2023-W35,0.09860248497917097
Babai-2024-W43,0.0986016086853806
Amarwda-2023-W29,0.0985980540798755
Bankhedi-2022-W46,0.09859186881110707
Saunsar-2021-W22,0.09858773977578839
Bankhedi-2021-W47,0.09858536412610329
Saunsar-2019-W19,0.09858173665356544
Hoshangabad-2023-W30,0.09857800799390794
Semriharchand-2022-W12,0.09856932201872297
Banapura-2022-W34,0.09855284880880842
Semriharchand-2022-W51,0.09854808076056004
Babai-2020-W5,0.09853381445426466
Semriharchand-2024-W23,0.09852889036468075
Chhindwara-2022-W51,0.09852871075617688
Pandhurna-2020-W16,0.09852676323143411
Chaurai-2019-W32,0.0985109482739642
Babai-2021-W3,0.09850731070547984
Banapura-2021-W20,0.09850637954603932
Pandhurna-2023-W25,0.09850329960682673
Pandhurna-2022-W2,0.09849531201404166
Chhindwara-2023-W4,0.09849397902132517
Semriharchand-2022-W19,0.0984875830321516
Chhindwara-2021-W42,0.0984857345296431
Hoshangabad-2023-W16,0.09848455964706099
Chhindwara-2022-W30,0.09847473915943367
Babai-2023-W5,0.09847231050504496
Semriharchand-2020-W44,0.09847092169072175
Bankhedi-2024-W51,0.09846724712914896
Chaurai-2019-W25,0.09846077459795528
Pandhurna-2022-W10,0.09845668283538993
Hoshangabad-2020-W12,0.0984560002385005
Babai-2023-W3,0.09844814912103632
Hoshangabad-2022-W22,0.09844628256343642
Itarsi-2020-W37,0.09844596186774014
Pipariya-2020-W53,0.09844510517829484
Saunsar-2022-W34,0.09843258584458958
Chhindwara-2022-W3,0.09842662558872549
Chaurai-2020-W30,0.09841931032523206
Itarsi-2021-W13,0.09841630925810685
Pandhurna-2021-W16,0.0984123907881351
Amarwda-2019-W16,0.09839492933361414
Chhindwara-2019-W6,0.09838836867275626
Chhindwara-2019-W40,0.09838363200116702
Bankhedi-2021-W8,0.09838352161047202
Saunsar-2022-W11,0.09837956873726113
Pandhurna-2019-W38,0.09837604579712192
Pipariya-2022-W39,0.09836488655980824
Chaurai-2022-W31,0.09835979563559877
Chaurai-2019-W24,0.09835896644323454
Banapura(F&V)-2024-W51,0.09835575131886087
Bankhedi-2022-W16,0.09835217098999689
Hoshangabad-2021-W42,0.0983513783552289
Chaurai-2023-W4,0.09833986576296641
Saunsar-2022-W7,0.09833576758532035
Bankhedi-2024-W26,0.09833204465357513
Semriharchand-2021-W2,0.09832036101566548
Semriharchand-2020-W17,0.09831984760366062
Itarsi-2021-W40,0.09831564826466946
Chhindwara-2024-W28,0.09830918734778316
Semriharchand-2022-W50,0.09830651836123
Pandhurna-2019-W20,0.09830542959744558
Chaurai-2022-W41,0.09830344673012233
Semriharchand-2024-W9,0.0983009883264813
Banapura-2022-W52,0.09829988506259077
Banapura-2020-W36,0.09829315170721421
Chhindwara-2019-W13,0.09829262382235571
Itarsi-2024-W27,0.09829224633569532
Semriharchand-2023-W20,0.0982857352570701
Amarwda-2020-W18,0.09827884859072714
Hoshangabad-2022-W12,0.09827347701879958
Chhindwara-2021-W44,0.09827312159795172
Amarwda-2021-W27,0.09827083605089702
Itarsi-2023-W47,0.09826961187819436
Chaurai-2023-W33,0.0982663322403984
Babai-2020-W3,0.09826593171921838
Chaurai-2022-W51,0.09826407887976342
Itarsi-2025-W4,0.09826070492285957
Babai-2021-W12,0.09825993388223284
Pandhurna-2019-W52,0.0982567885171471
Pipariya-2023-W41,0.09825138628287301
Semriharchand-2023-W21,0.09824967469233035
Chhindwara-2022-W47,0.0982458409209778
Semriharchand-2023-W44,0.09824579789705258
Hoshangabad-2022-W48,0.09824178619737223
Pandhurna-2023-W27,0.0982377535900578
Chhindwara-2022-W9,0.0982267995172422
Saunsar-2019-W28,0.09822088929285097
Chhindwara-2023-W3,0.0982195897670612
Chaurai-2019-W35,0.09821184254017061
Semriharchand-2023-W34,0.0982112082193105
Chaurai-2022-W7,0.0982022060167445
Chhindwara-2022-W39,0.09819880455403773
Banapura-2021-W47,0.09819517670790556
Chaurai-2019-W42,0.09819254490101227
Pipariya-2024-W19,0.09818622910193624
Pipariya-2022-W3,0.09817850126982725
Bankhedi-2024-W31,0.09817550324458515
Pandhurna-2019-W50,0.0981736341260431
Banapura-2022-W11,0.09816630745810309
Semriharchand-2021-W4,0.09816556722358027
Saunsar-2020-W12,0.09816525080377383
Babai-2021-W14,0.0981620337567636
Bankhedi-2021-W4,0.09816034524043596
Itarsi-2022-W50,0.09814653168210997
Saunsar-2024-W20,0.09814502770996919
Amarwda-2022-W31,0.09814140194503172
Saunsar-2023-W21,0.09813864305266709
Chhindwara-2023-W6,0.09813350631734762
Itarsi-2020-W42,0.09812406372336756
Pipariya-2024-W9,0.0981175443842641
Itarsi-2020-W19,0.09811620695624723
Babai-2022-W18,0.09811434316547503
Semriharchand-2023-W16,0.09810785433251486
Chhindwara-2020-W6,0.09810016171053827
Pandhurna-2021-W42,0.09809848975437298
Chhindwara-2019-W45,0.09809759909792763
Pipariya-2022-W42,0.09809521153674186
Pipariya-2021-W30,0.09809458946792643
Chhindwara-2023-W42,0.09809207382206468
Itarsi-2023-W45,0.09808799449918351
Semriharchand-2023-W15,0.09808700310383767
Semriharchand-2020-W50,0.09808476510786081
Pandhurna-2019-W29,0.09807900030569806
Pipariya-2021-W15,0.09807793662033414
Itarsi-2021-W49,0.09807706223516914
Bankhedi-2021-W53,0.09807696533031274
Babai-2020-W9,0.09807620550731694
Semriharchand-2024-W38,0.09807590654228597
Chaurai-2024-W31,0.09806991296736176
Chhindwara-2019-W36,0.09806448113673409
Pipariya-2022-W51,0.09805325999801585
Babai-2021-W52,0.09805287155890267
Hoshangabad-2022-W16,0.09804984477337711
Pipariya-2022-W32,0.09804890515130932
Bankhedi-2023-W35,0.09804492088704835
Semriharchand-2021-W1,0.09804064028231113
Banapura-2023-W10,0.09803440493768352
Chhindwara-2020-W5,0.09803346396098259
Saunsar-2019-W32,0.09802956940113396
Babai-2024-W18,0.09802700119685076
Hoshangabad-2023-W31,0.09802633983474468
Chaurai-2022-W10,0.09800350184293051
Pipariya-2023-W52,0.09799208292254526
Chaurai-2024-W47,0.09798924918369024
Pipariya-2020-W34,0.09798182081411443
Saunsar-2022-W21,0.09797966042508788
Chaurai-2023-W26,0.0979737348948448
Bankhedi-2024-W43,0.09795856969131277
Pipariya-2022-W45,0.09795765810921903
Hoshangabad-2024-W51,0.09795444774493572
Amarwda-2024-W11,0.09795295098553472
Chhindwara-2021-W46,0.09795063503300479
Chhindwara-2023-W45,0.09794151471711099
Babai-2021-W32,0.09793957689575673
Banapura-2020-W16,0.09793782410648144
Pipariya-2021-W1,0.09793086813494545
Hoshangabad-2021-W28,0.0979233905868781
Saunsar-2021-W34,0.09792227877108285
Semriharchand-2021-W42,0.09791897956318056
Banapura-2021-W51,0.09791809211712556
Pandhurna-2022-W36,0.09791313096720781
Bankhedi-2022-W44,0.09790517560125597
Chhindwara-2019-W44,0.09789188374076968
Babai-2022-W47,0.09789072909936558
Chaurai-2019-W1,0.09789006069763168
Amarwda-2021-W24,0.09788254127136191
Pipariya-2020-W25,0.09788141690176745
Itarsi-2023-W44,0.09787428660344055
Chhindwara-2024-W40,0.0978724459170838
Banapura-2020-W42,0.09787197683311688
Babai-2022-W34,0.09786795232361074
Saunsar-2019-W23,0.09786765328274079
Pandhurna-2019-W12,0.09786689188298354
Chhindwara-2020-W48,0.0978652249724336
Chaurai-2020-W21,0.09786478926113318
Bankhedi-2021-W45,0.09785957701155257
Banapura-2020-W34,0.0978581877501265
Hoshangabad-2022-W39,0.09785734152047637
Hoshangabad-2022-W9,0.09785509578727207
Itarsi-2022-W23,0.09785438821232137
Banapura-2022-W8,0.09784819563393753
Pipariya-2022-W8,0.09784553647424056
Semriharchand-2023-W35,0.09783583960919769
Semriharchand-2023-W50,0.09782992694166659
Chhindwara-2019-W32,0.0978265174962648
Semriharchand-2023-W23,0.09781952177991425
Semriharchand-2025-W5,0.09781178893617076
Semriharchand-2021-W14,0.0978089094611981
Pipariya-2022-W28,0.09779639267795655
Pipariya-2022-W7,0.09779186808336958
Hoshangabad-2021-W14,0.09778785348360049
Chaurai-2022-W43,0.09778118731379115
Semriharchand-2023-W8,0.09778020338956044
Babai-2022-W7,0.09777805848340364
Babai-2022-W16,0.0977760104220313
Babai-2021-W38,0.09777073455184941
Babai-2020-W10,0.09776940998605141
Pipariya-2020-W43,0.09775116630419736
Pipariya-2023-W42,0.09775034507610084
Banapura-2021-W49,0.09774864416384538
Itarsi-2020-W29,0.0977472134699686
Chaurai-2023-W22,0.09774710494605902
Semriharchand-2024-W35,0.09774350481768836
Chaurai-2024-W6,0.09773225506382642
Banapura-2022-W45,0.0977280156293139
Chhindwara-2020-W29,0.09771644367242081
Babai-2025-W4,0.0977128501962728
Semriharchand-2022-W24,0.09770985971278355
Chaurai-2024-W46,0.0977092634293332
Pandhurna-2021-W14,0.09769500282291645
Amarwda-2023-W24,0.09768156505301392
Pandhurna-2023-W18,0.09768013187204815
Chhindwara-2022-W52,0.09767803745981544
Chhindwara-2019-W22,0.09767649209927975
Bankhedi-2022-W45,0.09767369772932528
Amarwda-2019-W34,0.09764550809047468
Chhindwara-2023-W10,0.09764355295921202
Banapura-2021-W42,0.09764273654010917
Bankhedi-2020-W35,0.0976423517806239
Banapura-2025-W7,0.09763825929659878
Itarsi-2021-W24,0.09763640909610964
Hoshangabad-2021-W30,0.09763115716582806
Amarwda-2021-W48,0.09762547258313511
Banapura-2023-W6,0.09762111266776927
Babai-2024-W45,0.09761973085235869
Chhindwara-2019-W47,0.097619476882023
Bankhedi-2020-W21,0.09761020841474545
Itarsi-2023-W10,0.09760853926766781
Chhindwara-2019-W37,0.09760829186283147
Pipariya-2021-W24,0.09758057988409809
Babai-2021-W43,0.09757433688035168
Semriharchand-2023-W32,0.09757008886742363
Banapura-2023-W50,0.09756861074962013
Banapura-2022-W4,0.0975646645488493
Pipariya-2024-W51,0.09756060272120068
Babai-2022-W48,0.09755810107429719
Pipariya-2024-W41,0.09755553335465263
Semriharchand-2022-W13,0.09755449120929492
Chaurai-2021-W20,0.09755229900890933
Pipariya-2020-W10,0.09755051190982104
Pipariya-2020-W50,0.09755027664152756
Itarsi-2025-W8,0.09754493626105777
Babai-2022-W20,0.09754017570972932
Bankhedi-2022-W3,0.09753969601768768
Bankhedi-2023-W3,0.09752927622003706
Banapura-2022-W9,0.0975287493785368
Banapura-2021-W29,0.09752865912446396
Babai-2021-W34,0.09752803271338817
Chhindwara-2023-W9,0.09752276986061423
Chaurai-2025-W4,0.09752147736198907
Itarsi-2020-W48,0.09751765392421755
Babai-2025-W6,0.09751388446674682
Banapura-2021-W7,0.09751192831029087
Pandhurna-2024-W26,0.0975014793707947
Saunsar-2020-W42,0.09749978289132681
Banapura-2021-W6,0.09749104017258858
Chaurai-2020-W22,0.09748912239309462
Pipariya-2023-W40,0.0974850271917792
Bankhedi-2023-W26,0.09747724331681039
Chhindwara-2023-W40,0.09747569897165302
Pipariya-2022-W27,0.09747464802111877
Bankhedi-2023-W39,0.09747317089345366
Saunsar-2022-W12,0.09747007071589527
Banapura-2020-W17,0.09747005527544975
Chhindwara-2019-W12,0.09745974565191126
Chaurai-2020-W23,0.0974518117315738
Chaurai-2024-W38,0.09744804085599144
Pandhurna-2019-W6,0.09744728908898845
Pipariya-2021-W42,0.09744540986550843
Pandhurna-2021-W19,0.09744094990035242
Banapura-2023-W11,0.09743469661086923
Hoshangabad-2020-W19,0.09742449937734898
Babai-2023-W4,0.09742137966147385
Bankhedi-2022-W21,0.09741661196120584
Itarsi-2023-W14,0.09741343828936516
Saunsar-2021-W43,0.09741264189700083
Itarsi-2020-W44,0.09741065637042251
Semriharchand-2023-W12,0.0973999625343177
Pipariya-2023-W6,0.09739819102823218
Chhindwara-2020-W12,0.0973967688148575
Itarsi-2022-W43,0.09739388799116801
Semriharchand-2023-W17,0.09739231891260254
Bankhedi-2023-W21,0.09739090777410932
Amarwda-2022-W14,0.09739088301545111
Bankhedi-2025-W3,0.09738465887668674
Amarwda-2022-W17,0.09738355656386474
Itarsi-2021-W6,0.09738283414646189
Semriharchand-2023-W40,0.09736812369121615
Babai-2021-W49,0.09736610686905306
Itarsi-2023-W22,0.09736309118271227
Itarsi-2021-W45,0.09736027035978219
Saunsar-2022-W52,0.0973527291647339
Chhindwara-2019-W25,0.09734889646280097
Babai-2023-W28,0.09734554810630103
Saunsar-2019-W42,0.09733967822684043
Banapura-2023-W21,0.09733710993820871
Pipariya-2021-W37,0.09733674931502558
Chhindwara-2021-W45,0.09733537544599627
Babai-2020-W6,0.09733242504705103
Banapura-2021-W52,0.09731239786930038
Banapura-2023-W18,0.09731005507963307
Itarsi-2021-W46,0.0973052240264348
Amarwda-2024-W33,0.09729923056488692
Babai-2022-W19,0.09729803960042248
Chaurai-2020-W8,0.09729764543871589
Chaurai-2023-W7,0.09728944373935927
Chhindwara-2022-W48,0.09728903399282307
Itarsi-2021-W2,0.09728730939264585
Pipariya(F&V)-2024-W43,0.09727743973586005
Hoshangabad-2024-W38,0.0972636652683187
Chhindwara-2022-W4,0.0972630566127666
Hoshangabad-2024-W36,0.09725632001406871
Chaurai-2023-W29,0.09725551115862135
Amarwda-2022-W11,0.09725226804196331
Hoshangabad-2021-W35,0.09724998287667684
Pipariya-2022-W35,0.09724900515927333
Chhindwara-2020-W7,0.09723326682821214
Itarsi-2022-W52,0.09723248023814302
Chaurai-2023-W34,0.09723122894025932
Chaurai-2019-W23,0.09723056426708493
Banapura-2022-W23,0.09721957955464554
Chhindwara-2019-W8,0.09721434437890486
Pandhurna-2022-W20,0.09721157953262947
Chaurai-2019-W7,0.09720710087980373
Pipariya-2021-W6,0.09720487331823277
Itarsi-2020-W20,0.09720101427783841
Saunsar-2021-W45,0.09719743128739405
Banapura-2022-W51,0.09719645466117302
Pandhurna-2023-W42,0.09719422931089534
Bankhedi-2024-W44,0.09719019364422489
Chhindwara-2019-W30,0.09718835084863675
Pandhurna-2019-W25,0.09718328078604344
Chaurai-2023-W52,0.09717904461171252
Itarsi-2020-W45,0.09717590590019183
Chhindwara-2019-W31,0.0971742863825083
Hoshangabad-2024-W11,0.09716992706057413
Banapura-2025-W6,0.09716740028737411
Itarsi-2024-W51,0.09714164193823957
Bankhedi-2025-W1,0.09713409483657025
Chaurai-2023-W9,0.09713391391622914
Chhindwara-2020-W33,0.09713350383671215
Bankhedi-2020-W50,0.09712611476665442
Pipariya-2022-W49,0.09710715125639761
Bankhedi-2022-W12,0.09710526893082945
Itarsi-2021-W44,0.09710464232123507
Chaurai-2023-W13,0.09710128501814877
Chaurai-2019-W15,0.09709762319192014
Chaurai-2021-W25,0.09709240005659366
Saunsar-2024-W8,0.09708743327609633
Chhindwara-2023-W29,0.09708395060919432
Pipariya-2020-W51,0.09708372497911676
Bankhedi-2023-W2,0.09708132666508633
Babai-2022-W35,0.0970799884757518
Pandhurna-2022-W39,0.09707752544070396
Chaurai-2022-W5,0.0970772579520819
Itarsi-2022-W39,0.09707476859532
Pandhurna-2021-W24,0.09706340177906832
Hoshangabad-2021-W5,0.09705740890211724
Amarwda-2020-W20,0.09705723943756824
Chaurai-2020-W25,0.0970537501487473
Amarwda-2024-W18,0.09704744097493384
Amarwda-2019-W39,0.09704385126887784
Itarsi-2023-W21,0.09703868581184141
Babai-2022-W45,0.09703674538678995
Amarwda-2019-W7,0.09702976504462811
Itarsi-2020-W33,0.09702641834763931
Pipariya-2022-W36,0.09701939529721235
Bankhedi-2022-W2,0.09701527723843367
Banapura-2020-W48,0.09701437167449739
Babai-2023-W26,0.09700544278231976
Chhindwara-2020-W44,0.09699717263871126
Hoshangabad-2023-W35,0.09699711069447575
Banapura-2020-W7,0.09699139410231282
Pandhurna-2023-W15,0.09699071695243273
Bankhedi-2020-W23,0.09698612747690234
Saunsar-2019-W22,0.09697990656153337
Hoshangabad-2024-W52,0.09697842997348656
Bankhedi-2024-W37,0.09697574053156263
Chaurai-2020-W29,0.09696760101697903
Itarsi-2023-W35,0.09696458232253284
Chaurai-2023-W45,0.09696032562933098
Pipariya-2024-W28,0.09696025361009543
Saunsar-2023-W23,0.09695144083116052
Saunsar-2019-W25,0.0969485927867046
Hoshangabad-2023-W48,0.09694763238262755
Banapura-2021-W1,0.0969442967714066
Chaurai-2022-W38,0.09693944576420038
Banapura-2023-W20,0.09693903896427154
Banapura-2024-W1,0.0969331370749993
Chhindwara-2020-W8,0.09693095755575049
Hoshangabad-2023-W10,0.09692998600740281
Hoshangabad-2023-W9,0.09692998600740281
Pipariya-2021-W39,0.09692667907128912
Banapura-2020-W5,0.09692531164214317
Itarsi-2023-W5,0.09692400823927481
Banapura-2021-W26,0.09691768043644011
Chaurai-2023-W25,0.09691629061728647
Amarwda-2023-W25,0.09691277287882996
Bankhedi-2023-W20,0.09690903832536589
Pandhurna-2021-W9,0.09690534709765361
Pipariya-2020-W22,0.09690320523934298
Chaurai-2021-W42,0.09690290206622444
Amarwda-2021-W42,0.09690223792575307
Itarsi-2022-W33,0.09689656607381131
Chaurai-2019-W31,0.09688587925114171
Itarsi-2023-W28,0.09688570632057152
Semriharchand-2020-W48,0.09687813242788547
Semriharchand-2022-W47,0.096868611765031
Banapura-2023-W42,0.09686360428142875
Banapura-2023-W27,0.09686228478557996
Pipariya-2022-W21,0.09685999150418828
Bankhedi-2021-W49,0.09685344698573134
Semriharchand-2022-W46,0.09685238675700471
Chaurai-2020-W26,0.09685203821186748
Babai-2024-W23,0.09685051935094781
Pipariya-2021-W8,0.0968457845446273
Pipariya-2024-W47,0.09683876922602445
Banapura-2020-W52,0.09682800840904976
Chhindwara-2022-W40,0.09682062534375063
Banapura-2024-W19,0.09681965620992546
Bankhedi-2021-W39,0.09681643762483351
Amarwda-2022-W18,0.09681478920671459
Pandhurna-2020-W11,0.09681450672148419
Pandhurna-2019-W49,0.09681271983689377
Semriharchand-2023-W6,0.09681138392562869
Amarwda-2022-W15,0.09680919749056155
Semriharchand-2024-W11,0.09680787001985287
Saunsar-2020-W11,0.09679938534190588
Chaurai-2019-W14,0.09678455746350234
Hoshangabad-2020-W7,0.09678359663251339
Bankhedi-2020-W10,0.09678235088274742
Semriharchand-2025-W7,0.09677565856997149
Sounsar(F&V)-2024-W47,0.09676787077009762
Babai-2022-W43,0.09676287584306402
Bankhedi-2021-W21,0.09675889344458909
Babai-2024-W29,0.09675681467243515
Hoshangabad-2022-W46,0.09675102764577956
Pipariya-2020-W48,0.09674166256559825
Babai-2022-W17,0.09673953461074343
Babai-2022-W24,0.09673913468210231
Babai-2022-W9,0.09673787698244773
Itarsi-2020-W9,0.09673512926028331
Amarwda-2022-W12,0.09673458545199407
Itarsi-2024-W31,0.09672559681531392
Banapura-2023-W38,0.09672068969212812
Pipariya-2020-W38,0.09672039814444085
Chaurai-2020-W20,0.0967141550475528
Babai-2022-W15,0.09671009147579251
Pipariya-2022-W10,0.096705507815333
Hoshangabad(F&V)-2025-W1,0.09670447836981565
Pandhurna-2023-W8,0.0966989106969761
Bankhedi-2020-W8,0.09669372429221221
Itarsi-2020-W47,0.09668958017000756
Pipariya-2020-W18,0.0966764847074604
Pipariya-2023-W3,0.09667128239653613
Banapura-2020-W45,0.09666989573320661
Pandhurna-2022-W22,0.09666227817738016
Pipariya-2022-W1,0.09666035761327285
Saunsar-2019-W8,0.09665686362835273
Pipariya(F&V)-2024-W41,0.09665456589460389
Pipariya-2023-W35,0.09664753300709485
Amarwda-2023-W32,0.09664705364061824
Babai-2024-W52,0.09663842801818125
Chaurai-2022-W21,0.09663341225485492
Banapura-2021-W9,0.09663319496544302
Chaurai-2022-W49,0.09663255138609812
Bankhedi-2020-W31,0.09663121565882296
Chhindwara-2024-W30,0.09662040563506417
Pipariya-2024-W32,0.09661524740964908
Semriharchand-2021-W49,0.09661494805612704
Itarsi-2022-W45,0.09660971669667272
Chhindwara-2022-W15,0.09660712990005316
Bankhedi-2023-W52,0.09660631752631008
Pandhurna-2024-W13,0.09660565371572849
Bankhedi-2022-W23,0.0966005051752779
Saunsar-2021-W17,0.09659970533580128
Chaurai-2019-W2,0.0965995158891203
Pandhurna-2019-W51,0.09659853521613812
Chaurai-2020-W9,0.09659827317614599
Babai-2024-W13,0.09659679016142739
Saunsar-2020-W7,0.0965963826824624
Pandhurna-2019-W34,0.09658642892415933
Itarsi-2022-W26,0.09658305482587687
Chhindwara-2019-W29,0.09657053772083313
Chaurai-2022-W29,0.09656995297937272
Hoshangabad-2020-W16,0.09656722142436917
Amarwda-2023-W36,0.09656706024318829
Itarsi-2021-W14,0.09656564602097335
Hoshangabad-2023-W25,0.09656519784088138
Chaurai-2021-W40,0.09656323634684807
Pandhurna-2019-W17,0.09656057830922796
Babai-2020-W21,0.09655751475951868
Pandhurna-2024-W19,0.0965564883808757
Bankhedi-2022-W34,0.09655569149270478
Banapura-2021-W43,0.09655345156595328
Itarsi-2020-W36,0.09655045020389735
Itarsi-2020-W7,0.09655034922874778
Bankhedi-2024-W5,0.09655031264771378
Chaurai-2023-W48,0.09654343999194467
Bankhedi-2021-W5,0.09653826607296855
Chhindwara-2022-W34,0.09653536737219336
Saunsar-2021-W23,0.09653344591776239
Saunsar-2020-W39,0.09653204874339791
Babai-2024-W11,0.09652480373983899
Itarsi-2023-W43,0.09652392057293024
Bankhedi-2022-W33,0.09652345089973931
Bankhedi-2021-W3,0.09652316138905323
Semriharchand-2021-W30,0.09651259643571276
Banapura-2020-W33,0.09651193225274013
Pandhurna-2021-W28,0.09651005536830987
Chhindwara-2025-W7,0.09650965636724142
Chhindwara-2023-W44,0.09650904636397956
Bankhedi-2024-W2,0.09650670798399598
Amarwda-2021-W26,0.09650482035506147
Bankhedi-2021-W48,0.09650418479475963
Chhindwara-2020-W52,0.09650403501754172
Hoshangabad(F&V)-2024-W49,0.09650063799473446
Bankhedi-2022-W31,0.0964979307664405
Bankhedi-2023-W13,0.09649205226413812
Pandhurna-2023-W24,0.0964898655947877
Bankhedi-2022-W18,0.09648926469879934
Chaurai-2023-W39,0.09648779867740576
Pandhurna-2021-W25,0.09648525362397078
Pandhurna-2021-W15,0.09648351374985804
Hoshangabad-2025-W7,0.09647513162548768
Babai-2024-W46,0.09647390432682482
Banapura-2020-W43,0.09647265408385708
Amarwda-2020-W19,0.09646774084600375
Saunsar-2021-W42,0.09644135815244917
Chhindwara-2019-W3,0.09643833276912002
Bankhedi-2024-W8,0.09643757949814405
Chaurai-2022-W17,0.09643667875691954
Pipariya-2020-W6,0.09643088931420414
Chaurai-2021-W22,0.09642983716531237
Babai-2020-W27,0.09642500653854642
Chhindwara-2020-W34,0.09642247056136229
Semriharchand-2024-W25,0.09642207572995998
Hoshangabad-2025-W3,0.09642073255667082
Bankhedi-2023-W24,0.09641942147864359
Saunsar-2022-W50,0.09641661865868685
Babai-2023-W16,0.09641538291926639
Itarsi-2021-W12,0.09641289172848133
Semriharchand-2022-W36,0.09641213733758575
Babai-2024-W28,0.09640506860587178
Saunsar-2019-W30,0.09640442346990606
Pandhurna-2019-W15,0.0964024801733736
Pandhurna-2022-W16,0.09640155975041845
Chhindwara-2020-W1,0.09639798656472862
Semriharchand-2022-W2,0.0963966736400669
Amarwda-2019-W15,0.09639478993190696
Chhindwara-2021-W50,0.09639471071294525
Pipariya-2021-W22,0.0963913995551949
Pipariya-2020-W35,0.09639124269440863
Babai-2024-W38,0.09638277111446183
Saunsar-2019-W41,0.09637845397130179
Saunsar-2019-W38,0.09637845397130179
Saunsar-2023-W24,0.09637737208196061
Chhindwara-2024-W7,0.0963773285082001
Itarsi-2021-W8,0.09637460292879597
Pandhurna-2021-W40,0.096368619204001
Amarwda-2020-W11,0.09636352601187627
Amarwda-2022-W16,0.0963627681886701
Banapura-2023-W51,0.09635768226493863
Babai-2023-W30,0.09635362420895009
Pipariya(F&V)-2024-W42,0.09635277440783606
Babai-2022-W11,0.09634983281583064
Pipariya-2022-W33,0.09634498313524319
Pipariya-2020-W7,0.09634210302181839
Chhindwara-2019-W23,0.09634000334190014
Chhindwara-2024-W51,0.09632964073458176
Itarsi-2020-W27,0.09632010199489999
Pipariya-2023-W47,0.09631964974584678
Hoshangabad-2022-W35,0.09631916685633192
Saunsar-2023-W3,0.09631790775293393
Banapura-2024-W31,0.09631518844539731
Banapura-2022-W26,0.09631464700632501
Babai-2023-W52,0.09631321667184274
Bankhedi-2022-W52,0.09630934469917343
Itarsi-2023-W49,0.0962940140018949
Chaurai-2019-W43,0.09629355464179165
Babai-2022-W23,0.09628942153930496
Chaurai-2022-W27,0.09628714859880182
Pandhurna-2021-W31,0.09628525184627881
Pandhurna-2022-W23,0.09628471476886544
Itarsi-2022-W30,0.09628305881687417
Semriharchand-2021-W51,0.09627981684357445
Semriharchand-2023-W30,0.0962732722224211
Bankhedi-2024-W16,0.09627075889449767
Itarsi-2023-W7,0.09626808585275735
Babai-2023-W47,0.09625062019092837
Saunsar-2021-W35,0.09625037326870484
Bankhedi-2024-W7,0.09624941368427842
Chhindwara-2022-W45,0.09624870376534156
Banapura-2020-W12,0.09624012844193364
Bankhedi-2023-W5,0.09623953433326106
Saunsar-2022-W4,0.0962371150868992
Chaurai-2021-W43,0.09623306815434313
Semriharchand-2025-W8,0.09622896125700511
Chaurai-2022-W52,0.09622761435560197
Bankhedi-2024-W13,0.09622642509876872
Chhindwara-2022-W44,0.09622378060981625
Banapura-2021-W27,0.09622031713635855
Banapura-2022-W24,0.09621970996205609
Banapura(F&V)-2024-W45,0.09620734361464442
Bankhedi-2024-W33,0.09620710618854308
Hoshangabad-2022-W2,0.09619851360241985
Pipariya-2024-W29,0.09619484071510415
Bankhedi-2020-W22,0.09618989524318756
Babai-2020-W12,0.09618105328380028
Semriharchand-2023-W47,0.09617635436223772
Pandhurna-2019-W10,0.09617238911042869
Semriharchand-2021-W3,0.09616408663045117
Amarwda-2023-W30,0.09616241800903201
Bankhedi-2023-W28,0.09616180261495895
Banapura-2020-W50,0.09616054135445201
Banapura-2022-W35,0.09615783882609082
Bankhedi-2020-W4,0.09615713249176915
Semriharchand-2023-W51,0.09615655598328192
Babai-2022-W51,0.09615520061548276
Saunsar-2022-W47,0.09615260956785632
Chaurai-2024-W3,0.09615132289979407
Banapura-2024-W29,0.09614729202892229
Hoshangabad-2020-W10,0.09614687128751111
Pandhurna-2019-W16,0.09614674944544765
Babai-2023-W1,0.09614276681909455
Chhindwara-2019-W51,0.09613906378400512
Semriharchand-2021-W41,0.0961379962691938
Babai-2022-W36,0.0961373617925101
Pandhurna-2024-W23,0.09613616200632646
Banapura-2020-W47,0.09613317179392454
Saunsar-2022-W38,0.09613077379227218
Chaurai-2024-W34,0.09612666141358477
Chaurai-2021-W36,0.09612606028226622
Hoshangabad-2023-W7,0.09612548411720638
Itarsi-2021-W26,0.09612088738361063
Amarwda-2021-W40,0.09611843685502543
Hoshangabad-2023-W20,0.09611808078330057
Semriharchand-2022-W42,0.0961136938771288
Babai-2024-W20,0.09611182543312619
Semriharchand-2024-W39,0.09610903675955461
Pandhurna-2024-W14,0.09610751092499673
Banapura-2022-W3,0.0961046516535443
Pipariya-2023-W31,0.09610446537995325
Chaurai-2023-W1,0.09610406011633221
Bankhedi-2022-W8,0.09610339313432532
Semriharchand-2020-W30,0.09610057048068818
Bankhedi-2021-W2,0.0960958681666253
Pipariya-2021-W31,0.09609338416392112
Amarwda-2020-W24,0.09609102663940948
Chhindwara-2023-W26,0.09608713429901365
Semriharchand-2023-W52,0.09608371271155779
Banapura-2023-W19,0.09608313402294519
Babai-2025-W5,0.0960733365174268
Chhindwara-2023-W2,0.09606833534747182
Pipariya-2020-W17,0.0960678843431941
Itarsi-2022-W5,0.09606289184386686
Semriharchand-2024-W27,0.09605746879621523
Semriharchand-2022-W48,0.09605420308452246
Itarsi-2021-W23,0.09605407669347486
Chaurai-2022-W35,0.09605326155050019
Pipariya-2023-W30,0.096050072753405
Chhindwara-2019-W20,0.09604913000965888
Semriharchand-2023-W22,0.0960459481358891
Bankhedi-2023-W25,0.09604549744299994
Semriharchand-2022-W31,0.09604389298998556
Pandhurna-2022-W40,0.09604132132613753
Hoshangabad-2023-W8,0.09604100322993288
Pandhurna-2022-W26,0.09604032280825485
Chaurai-2023-W35,0.09603850700418165
Chhindwara-2020-W41,0.09603537250918619
Pandhurna-2021-W33,0.0960296817859917
Pipariya-2021-W46,0.09602952710244292
Banapura-2022-W25,0.09602289904435832
Saunsar-2021-W48,0.09602178406653906
Saunsar-2024-W47,0.09601842967412252
Pipariya-2024-W43,0.09601595046697306
Babai-2024-W1,0.09601037369265397
Saunsar-2023-W47,0.09600826186694024
Pandhurna-2022-W29,0.09600577858533017
Bankhedi-2022-W51,0.09600427441377085
Babai-2024-W37,0.09600218854293428
Babai-2024-W25,0.0960008559180685
Chaurai-2019-W10,0.09599996743025001
Saunsar-2020-W9,0.09599599234906217
Amarwda-2023-W19,0.09599521157468438
Babai-2022-W8,0.0959947274427363
Hoshangabad-2023-W11,0.09598557392638235
Itarsi-2020-W41,0.09598376482731827
Babai-2021-W30,0.09597979326145849
Babai-2024-W27,0.09597729492900413
Amarwda-2021-W15,0.09597561549435478
Babai-2021-W46,0.09597369634710616
Saunsar-2020-W18,0.0959656063433399
Pandhurna-2023-W17,0.09596440806211251
Bankhedi-2020-W30,0.09596356531471174
Pipariya-2021-W51,0.09596324238303672
Pipariya-2024-W10,0.0959622005331576
Semriharchand-2025-W9,0.09596167775179025
Babai-2021-W50,0.09595853014064289
Pandhurna-2021-W27,0.09595841471194619
Banapura-2022-W19,0.0959576983158911
Babai-2020-W4,0.09595619669600254
Bankhedi-2020-W43,0.09595518992287327
Bankhedi-2024-W4,0.0959542720835279
Bankhedi-2023-W27,0.09595288142392781
Pandhurna-2021-W23,0.09594571897505211
Pandhurna-2021-W43,0.09594518710824432
Itarsi-2022-W41,0.09594516023741366
Semriharchand-2024-W31,0.09594173567668976
Pipariya-2021-W53,0.09594071211681586
Pandhurna-2019-W23,0.09593941024954393
Saunsar-2020-W25,0.09593359988210624
Hoshangabad-2022-W30,0.09593014321362636
Bankhedi-2020-W11,0.095926956447314
Hoshangabad-2021-W34,0.09592001611638995
Banapura(F&V)-2024-W40,0.09591790439779137
Saunsar-2020-W2,0.09591576007706572
Pandhurna-2023-W29,0.09591435710205382
Pipariya-2020-W5,0.09591266375938223
Pipariya-2023-W8,0.09591230054151074
Amarwda-2020-W23,0.09591093837828847
Pandhurna-2024-W17,0.09591043234764622
Semriharchand-2022-W11,0.09590857651086482
Saunsar-2022-W13,0.09590521739273657
Chaurai-2021-W33,0.09590436127087497
Chaurai-2019-W41,0.09590087144547471
Babai-2022-W3,0.09590017930850128
Pipariya-2020-W36,0.09589961780481333
Itarsi-2020-W31,0.0958934982002296
Bankhedi-2023-W12,0.09589276007565856
Bankhedi-2022-W30,0.09589251613578938
Itarsi-2022-W3,0.09589061824345652
Babai-2024-W5,0.09588823629031981
Amarwda-2024-W5,0.09588741568181745
Pandhurna-2021-W10,0.09588415261334515
Saunsar-2021-W51,0.09587918279016501
Amarwda-2021-W32,0.09587751154163943
Itarsi-2021-W15,0.09587526273981636
Babai-2024-W7,0.09587224561314732
Semriharchand-2020-W33,0.09587184891840923
Hoshangabad-2021-W15,0.09586930872533776
Bankhedi-2023-W40,0.09586843253423621
Amarwda-2022-W33,0.09586786152823036
Banapura-2023-W41,0.09586707614078065
Amarwda-2019-W11,0.09586191102481563
Chhindwara-2021-W36,0.09585639273113378
Banapura-2020-W2,0.09585514779247843
Pandhurna-2019-W22,0.09584252932843179
Babai-2021-W39,0.09583758826833519
Pipariya-2020-W9,0.09582879193712478
Amarwda-2019-W17,0.09582869341399884
Bankhedi-2022-W37,0.09582846317105344
Banapura-2022-W10,0.0958247045280911
Chaurai-2023-W43,0.09581856582018976
Itarsi-2025-W5,0.09581383479818467
Amarwda-2019-W6,0.0958121972973264
Itarsi-2022-W36,0.09581140597895094
Babai-2022-W21,0.09580736751983417
Itarsi-2024-W29,0.09580530166751315
Chhindwara-2020-W37,0.0958038610054195
Hoshangabad-2024-W7,0.0958009153297998
Pipariya-2023-W10,0.09579956016413678
Bankhedi-2022-W50,0.09579878767369279
Hoshangabad-2024-W44,0.09579397429452095
Chhindwara-2024-W5,0.09579378638040414
Saunsar-2020-W23,0.09578903580790424
Chaurai-2022-W34,0.09578178006195709
Pipariya-2021-W52,0.09577769332786827
Pipariya-2022-W11,0.09577704785995052
Hoshangabad-2022-W23,0.0957737721641174
Chaurai-2019-W17,0.09577184022941139
Pandhurna-2022-W43,0.09576799349098891
Itarsi-2022-W15,0.09576353899997142
Pipariya-2021-W23,0.09575798977548433
Pandhurna-2023-W20,0.09575597602926604
Semriharchand-2020-W41,0.09575538164485806
Itarsi-2023-W29,0.09575520438231273
Semriharchand-2024-W37,0.09575086825768439
Itarsi-2022-W46,0.09574920574999085
Pipariya-2023-W29,0.09574154915355972
Banapura-2021-W31,0.09574115481323346
Saunsar-2021-W15,0.09573961713743004
Itarsi-2021-W36,0.0957351693958183
Pipariya-2023-W50,0.09573168315462023
Saunsar-2023-W37,0.09573052892128184
Itarsi-2022-W35,0.0957292156420005
Chhindwara-2024-W14,0.09572859655984363
Hoshangabad-2020-W17,0.09572107185835486
Pandhurna-2022-W14,0.09572052400797469
Banapura-2020-W8,0.09571878383889958
Amarwda-2023-W28,0.09571581814475048
Bankhedi-2024-W1,0.09571208855868314
Chhindwara-2020-W31,0.09571012690173798
Amarwda-2023-W40,0.09570939742365615
Bankhedi-2022-W22,0.0957079206630847
Bankhedi-2024-W40,0.0957071396138929
Itarsi-2022-W44,0.09570447090084312
Itarsi-2023-W33,0.09570380133722013
Amarwda-2021-W6,0.09570337240401969
Amarwda-2022-W23,0.09570326620809726
Pandhurna-2023-W21,0.0957015874473455
Chhindwara-2024-W31,0.0957014386379508
Pandhurna-2021-W47,0.09569883777989986
Saunsar-2019-W3,0.09569788866610719
Bankhedi-2023-W51,0.09569772929670105
Pandhurna-2020-W12,0.0956922779303393
Hoshangabad-2024-W32,0.09569140365037443
Babai-2023-W19,0.09568789765312642
Hoshangabad-2023-W21,0.09568498656488116
Babai-2023-W23,0.09568418271857596
Bankhedi-2020-W29,0.09568092339951485
Pipariya-2022-W22,0.09568019618920988
Itarsi-2020-W52,0.09567926728865554
Banapura-2024-W44,0.09567460700849639
Hoshangabad-2022-W49,0.09567450881750571
Chaurai-2021-W28,0.09567216139401177
Banapura-2020-W3,0.09566726515906161
Itarsi-2020-W4,0.09565646782034387
Itarsi-2022-W10,0.09565411419198987
Banapura-2023-W47,0.09565138985751998
Pipariya-2020-W44,0.09564725219715763
Hoshangabad-2020-W9,0.09564194937612884
Chhindwara-2019-W11,0.09563816177648803
Chaurai-2020-W5,0.09563710966947277
Babai-2023-W25,0.09563418008284189
Saunsar-2024-W19,0.0956298103924104
Pipariya-2023-W32,0.09562539748627834
Saunsar-2022-W23,0.09562477311817563
Chaurai-2019-W29,0.09561272261447933
Chaurai-2022-W2,0.09560899229094315
Chhindwara-2021-W27,0.09560855329608547
Banapura-2023-W31,0.09560507034123177
Bankhedi-2024-W45,0.09560359885141202
Semriharchand-2023-W28,0.09559953028915008
Chhindwara-2023-W24,0.09559731592441863
Chhindwara-2019-W50,0.09559480248788609
Sounsar(F&V)-2024-W42,0.09559326619830971
Bankhedi-2020-W42,0.09559200714723048
Amarwda-2019-W9,0.09559168439642886
Chhindwara-2021-W19,0.09559035946461292
Chaurai-2020-W2,0.09559026753411137
Pandhurna-2019-W9,0.09558999567745388
Hoshangabad-2020-W21,0.09558961928477551
Chhindwara-2023-W41,0.09558496006912535
Semriharchand-2021-W29,0.09558072665017835
Chhindwara-2019-W49,0.09557754950686637
Itarsi-2022-W34,0.09557706162605713
Pandhurna-2019-W39,0.0955769456217196
Bankhedi-2024-W32,0.09557602407241134
Pandhurna-2024-W18,0.09557521879298003
Itarsi-2021-W51,0.09557444642910908
Semriharchand-2020-W47,0.09557440089526452
Babai-2023-W8,0.09557123752996036
Chhindwara-2023-W27,0.0955700326962816
Hoshangabad-2023-W13,0.09556635819510906
Pipariya-2023-W27,0.0955615423602967
Itarsi-2021-W30,0.09554878682460584
Saunsar-2021-W24,0.09554754242490773
Itarsi-2020-W34,0.09554686762708522
Semriharchand-2023-W36,0.09554651097539507
Pipariya-2020-W46,0.09553811838876103
Bankhedi-2020-W51,0.09553810723559195
Amarwda-2019-W20,0.09553792487096409
Pipariya-2021-W9,0.0955378849622071
Hoshangabad-2024-W22,0.09553289063431947
Chaurai-2019-W48,0.09552922626439578
Amarwda-2021-W44,0.09552859010362671
Babai-2021-W26,0.09552420162709796
Hoshangabad-2023-W2,0.09552273378577779
Hoshangabad-2023-W14,0.09552247249790494
Bankhedi-2024-W28,0.09552008164502683
Banapura-2023-W33,0.09551907120626314
Chhindwara-2023-W1,0.09551815374511947
Chaurai-2023-W32,0.09551609286821298
Saunsar-2023-W27,0.09551222903624546
Banapura-2023-W24,0.09550999005165232
Bankhedi-2024-W17,0.09550914254161756
Pandhurna-2020-W19,0.09550589752871433
Itarsi-2023-W48,0.09550341056309287
Itarsi-2024-W20,0.09550114580200408
Bankhedi-2021-W1,0.09549939204490421
Chaurai-2019-W47,0.0954917672046956
Bankhedi-2022-W26,0.09548777365565814
Chaurai-2024-W7,0.09548416354998107
Itarsi-2021-W39,0.09548371409912607
Hoshangabad-2021-W16,0.09548327491118398
Amarwda-2021-W14,0.09548292626019439
Babai-2022-W41,0.09547897296114169
Banapura(F&V)-2024-W42,0.0954773680381171
Chhindwara-2024-W22,0.09547555639440301
Chaurai-2023-W40,0.09547364343010939
Babai-2024-W22,0.0954670651525769
Bankhedi-2022-W49,0.09546683844238206
Chaurai-2019-W13,0.09546205806430477
Bankhedi-2024-W30,0.09545920119092818
Pipariya-2021-W2,0.09545451687041483
Semriharchand-2022-W29,0.09545444120974275
Bankhedi-2022-W14,0.09545334595448945
Itarsi-2020-W11,0.09544983877706052
Banapura-2025-W8,0.09544732328179753
Saunsar-2023-W22,0.095446500088758
Semriharchand-2022-W17,0.09544347120313422
Semriharchand-2021-W12,0.0954409056598344
Chhindwara-2019-W1,0.095437850529018
Amarwda-2023-W15,0.09543752549216714
Chhindwara-2021-W25,0.09542947451199521
Saunsar-2023-W50,0.09542779202624349
Amarwda-2019-W18,0.09542608737125968
Babai-2022-W28,0.09542469425155843
Hoshangabad-2020-W4,0.0954183736988456
Pipariya-2024-W38,0.09541299986412499
Banapura-2021-W32,0.09541263514538681
Banapura-2022-W20,0.09541015845200336
Itarsi-2024-W36,0.09540502218046908
Babai-2023-W2,0.09540351352466327
Hoshangabad-2020-W51,0.09538952694922441
Bankhedi-2021-W20,0.09538467160153233
Babai-2021-W45,0.09538416498743095
Semriharchand-2020-W22,0.09537806803642065
Banapura-2021-W46,0.09537705902588563
Hoshangabad-2023-W23,0.09537532521319586
Bankhedi-2024-W29,0.09537398083473575
Chaurai-2021-W35,0.09536871708929438
Bankhedi-2024-W11,0.09536703057454467
Pipariya-2023-W48,0.09536668989296367
Semriharchand-2021-W6,0.09536545218713013
Bankhedi-2023-W50,0.09536386426863336
Saunsar-2023-W28,0.0953568252766112
Chhindwara-2020-W30,0.0953537872974864
Chaurai-2022-W42,0.09534773272614401
Amarwda-2021-W46,0.09534654517782928
Chhindwara-2020-W36,0.09534509196682847
Babai-2021-W42,0.09534503168264548
Hoshangabad-2024-W23,0.09534487374826602
Saunsar-2024-W24,0.09534025690777996
Bankhedi-2021-W6,0.09533921884729954
Chaurai-2019-W49,0.09533239935041575
Amarwda-2021-W39,0.09533209071059907
Saunsar-2022-W1,0.09532892211028456
Bankhedi-2023-W47,0.09532884536439633
Hoshangabad-2020-W1,0.09532604611962647
Babai-2021-W29,0.09532601389507112
Bankhedi-2020-W16,0.09532439728792434
Pipariya-2023-W24,0.09532234426028242
Pipariya-2020-W24,0.0953221246816259
Chhindwara-2022-W42,0.0953182290937603
Itarsi-2022-W38,0.0953167454403463
Chaurai-2020-W3,0.09531413363601707
Pandhurna-2024-W21,0.09531404060605535
Banapura-2023-W1,0.09531101165837277
Banapura-2022-W14,0.09531032916727492
Chhindwara-2021-W48,0.09530987702289956
Saunsar-2019-W24,0.09530889790192747
Saunsar-2019-W10,0.09530889790192747
Itarsi-2020-W3,0.09530523870818201
Bankhedi-2023-W33,0.09529835732229257
Pipariya-2022-W4,0.09529500050518193
Saunsar-2022-W43,0.09528682063215324
Pipariya-2023-W45,0.0952849699661219
Itarsi-2021-W43,0.09528318027539426
Banapura-2020-W9,0.09527146849125531
Hoshangabad-2022-W38,0.09526556942337755
Itarsi-2024-W28,0.09526479201402561
Chaurai-2022-W18,0.09526393181999698
Amarwda-2022-W22,0.09526260480476235
Banapura-2023-W23,0.09526199697209456
Pipariya-2020-W27,0.09525698635558275
Chaurai-2023-W30,0.09525592640989504
Semriharchand-2024-W26,0.09525481289272734
Itarsi-2020-W35,0.09525208992948976
Bankhedi-2020-W36,0.09524865743692201
Banapura-2021-W35,0.09524511263698453
Semriharchand-2020-W36,0.09524335268800845
Saunsar-2022-W36,0.09524245881826003
Pipariya-2020-W52,0.09523979064917863
Bankhedi-2024-W39,0.0952383003386667
Saunsar-2020-W28,0.09523692339656258
Semriharchand-2021-W43,0.09523658785898823
Babai-2025-W8,0.09523652092818828
Chaurai-2021-W26,0.0952345776138854
Pipariya-2020-W32,0.09523312486871728
Amarwda-2019-W44,0.09523274982143216
Banapura-2023-W2,0.09523120057659702
Babai-2021-W9,0.09523104212333483
Hoshangabad-2022-W41,0.09522963801511639
Babai-2021-W28,0.09522767505602064
Saunsar-2020-W16,0.09522226233152939
Banapura-2023-W9,0.09522108078710008
Babai-2023-W48,0.09521195209565003
Amarwda-2019-W10,0.09521168633343804
Bankhedi-2023-W4,0.09520944767998361
Hoshangabad-2021-W48,0.09520770000300036
Banapura-2021-W3,0.0952023344076638
Banapura-2023-W5,0.0951980085662644
Chaurai-2022-W6,0.09519722318109547
Semriharchand-2023-W26,0.09519716244481707
Itarsi-2023-W24,0.09519651455061574
Chaurai-2021-W11,0.09519593753752205
Pipariya-2021-W35,0.09519259990590638
Pipariya-2025-W8,0.09519259144022503
Pipariya-2023-W19,0.09519229694834874
Banapura(F&V)-2024-W47,0.09519196152594558
Hoshangabad-2023-W49,0.0951898685552686
Bankhedi-2021-W31,0.0951875846823406
Bankhedi-2023-W14,0.0951824225587594
Bankhedi-2021-W30,0.0951817535082461
Chhindwara-2020-W4,0.09517697020371267
Bankhedi-2020-W25,0.09516692295513127
Saunsar-2023-W7,0.09516577058767127
Semriharchand-2023-W33,0.09515082356383434
Chhindwara-2019-W9,0.09514918760805378
Itarsi-2020-W43,0.09514737190782721
Chhindwara-2021-W3,0.09514658704708295
Bankhedi-2023-W34,0.09513986594183291
Banapura-2020-W6,0.09513846675186069
Pipariya-2024-W30,0.09513267308164197
Saunsar-2019-W51,0.09513095874707161
Chaurai-2022-W1,0.09512873838916205
Saunsar-2019-W35,0.09512825011897705
Pipariya-2020-W19,0.0951262468773121
Amarwda-2023-W12,0.09512423785115497
Chhindwara-2021-W52,0.09512382754428671
Banapura-2022-W36,0.09511985059277187
Chhindwara-2023-W23,0.09511918736262422
Banapura-2023-W16,0.09511827871842886
Chhindwara-2019-W16,0.09511827871842886
Banapura-2020-W20,0.09511827871842886
Chaurai-2019-W19,0.09511827871842886
Banapura-2020-W19,0.09511827871842886
Banapura-2020-W18,0.09511827871842886
Babai-2020-W19,0.09511827871842886
Chhindwara-2019-W18,0.09511827871842886
Bankhedi-2023-W16,0.09511827871842886
Chhindwara-2019-W19,0.09511827871842886
Chhindwara-2019-W21,0.09511827871842886
Chhindwara-2019-W33,0.09511827871842886
Babai-2020-W18,0.09511827871842886
Chhindwara-2020-W22,0.09511827871842886
Babai-2020-W17,0.09511827871842886
Amarwda-2019-W21,0.09511827871842886
Banapura-2020-W21,0.09511827871842886
Banapura-2022-W13,0.09511827871842886
Banapura-2022-W12,0.09511827871842886
Bankhedi-2021-W17,0.09511827871842886
Chhindwara-2022-W11,0.09511827871842886
Bankhedi-2020-W18,0.09511827871842886
Bankhedi-2020-W19,0.09511827871842886
Banapura-2023-W13,0.09511827871842886
Bankhedi-2021-W15,0.09511827871842886
Bankhedi-2021-W16,0.09511827871842886
Bankhedi-2021-W18,0.09511827871842886
Banapura-2023-W15,0.09511827871842886
Banapura-2023-W12,0.09511827871842886
Banapura-2022-W18,0.09511827871842886
Banapura-2022-W17,0.09511827871842886
Banapura-2022-W16,0.09511827871842886
Banapura-2022-W15,0.09511827871842886
Bankhedi-2022-W15,0.09511827871842886
Bankhedi-2020-W17,0.09511827871842886
Chhindwara-2023-W21,0.09511827871842886
Itarsi-2022-W18,0.09511827871842886
Pipariya-2023-W13,0.09511827871842886
Chhindwara-2023-W20,0.09511827871842886
Chhindwara-2023-W22,0.09511827871842886
Hoshangabad(F&V)-2025-W3,0.09511827871842886
Pipariya-2023-W18,0.09511827871842886
Pipariya-2023-W16,0.09511827871842886
Pipariya-2023-W15,0.09511827871842886
Itarsi-2022-W13,0.09511827871842886
Itarsi-2022-W14,0.09511827871842886
Itarsi-2022-W16,0.09511827871842886
Chhindwara-2023-W18,0.09511827871842886
Itarsi-2022-W17,0.09511827871842886
Itarsi-2022-W20,0.09511827871842886
Pipariya-2022-W19,0.09511827871842886
Pipariya-2022-W17,0.09511827871842886
Pipariya-2022-W16,0.09511827871842886
Itarsi-2023-W15,0.09511827871842886
Itarsi-2023-W16,0.09511827871842886
Pipariya-2022-W15,0.09511827871842886
Pipariya-2022-W13,0.09511827871842886
Chhindwara-2023-W19,0.09511827871842886
Pipariya-2023-W21,0.09511827871842886
Chhindwara-2022-W20,0.09511827871842886
Chhindwara-2022-W12,0.09511827871842886
Chhindwara-2022-W13,0.09511827871842886
Pipariya-2024-W44,0.09511827871842886
Chhindwara-2022-W14,0.09511827871842886
Chhindwara-2022-W16,0.09511827871842886
Chhindwara-2022-W17,0.09511827871842886
Chhindwara-2022-W18,0.09511827871842886
Chhindwara-2023-W17,0.09511827871842886
Chhindwara-2022-W19,0.09511827871842886
Chhindwara-2022-W21,0.09511827871842886
Chhindwara-2022-W22,0.09511827871842886
Pipariya-2024-W21,0.09511827871842886
Pipariya-2023-W23,0.09511827871842886
Chhindwara-2022-W26,0.09511827871842886
Chhindwara-2023-W15,0.09511827871842886
Chhindwara-2023-W16,0.09511827871842886
Pipariya-2022-W14,0.09511827871842886
Babai-2023-W33,0.09511234859298111
Banapura-2023-W28,0.09510751756789326
Chhindwara-2020-W28,0.09510668785842061
Chhindwara-2021-W7,0.09510338191740314
Saunsar-2021-W26,0.09510334368390595
Itarsi-2024-W30,0.09510203324678061
Pipariya-2021-W34,0.09509625057608591
Banapura-2021-W22,0.09509206387905218
Pandhurna-2019-W21,0.09509187584237454
Pipariya-2023-W28,0.09509092087396305
Amarwda-2021-W49,0.09508492931864265
Pipariya-2022-W18,0.09508360578275968
Banapura-2023-W39,0.09508245465220175
Banapura-2022-W2,0.0950805391173525
Chhindwara-2021-W9,0.09507964320171738
Pandhurna-2022-W25,0.09507420310238568
Bankhedi-2025-W6,0.09507405695599612
Itarsi-2022-W9,0.09507149991417428
Amarwda-2022-W25,0.09506910218265771
Chhindwara-2020-W53,0.09506679768527324
Hoshangabad-2022-W18,0.0950667463007619
Hoshangabad-2022-W3,0.09506604049383731
Bankhedi-2020-W47,0.09506413434214425
Babai-2021-W25,0.09506032518937427
Chaurai-2023-W38,0.09505968536871943
Itarsi-2022-W47,0.0950575297403899
Chaurai-2023-W47,0.09505726151990287
Itarsi-2021-W47,0.0950544751441326
Itarsi-2022-W12,0.0950433272324835
